listing_id,source,district,ubigeo,address,urbanization,price_soles,area_m2,price_per_m2,rooms,bathrooms,parking,maintenance_fee,photos_count,district_median_price_m2,baseline_price_soles,opportunity_score_baseline,crime_index_zone,crime_trend_zone,urban_convenience_index,zone_composite_index,idh_2019,pct_pobreza_total
149037885,Urbania,ATE,150103,Av. Prol. Javier Prado Este 9051 al 9000,Ate Vitarte,705600.0,270.0,2613.3,5,4,0,0.0,1,3838.0,1036260.0,0.319,0.224,mejorando,0.203,0.49,0.687,17.17
147879979,Urbania,BARRANCO,150104,AV. REPUBLICA DE PANAMA 348,Barranco,287000.0,45.0,6377.8,1,1,1,172.0,1,9299.0,418455.0,0.314,0.659,estable,0.526,0.434,0.821,3.17
149324096,Urbania,BARRANCO,150104,Calle Doña Delmira  al 400,Barranco,291550.0,62.0,4702.4,2,1,0,70.0,1,9299.0,576538.0,0.494,0.659,estable,0.526,0.434,0.821,3.17
149325041,Urbania,BARRANCO,150104,Jr Enrique Barrón  al 600,Barranco,405000.0,40.0,10125.0,1,1,0,0.0,1,9299.0,371960.0,-0.089,0.659,estable,0.526,0.434,0.821,3.17
149610106,Urbania,BARRANCO,150104,Jr. Martinez de Pinillos- A 1 Cuadra del Malecón Dpto Amoblado con Cochera y Depósito,Barranco,420000.0,33.0,12727.3,1,1,1,350.0,1,9299.0,306867.0,-0.369,0.659,estable,0.526,0.434,0.821,3.17
143173660,Urbania,BARRANCO,150104,"Av EL SOL N° 5xx, Dpto. 102,103",Barranco,425780.0,56.0,7603.2,1,1,1,0.0,1,9299.0,520744.0,0.182,0.659,estable,0.526,0.434,0.821,3.17
147239693,Urbania,BARRANCO,150104,EL SOL,Barranco,434868.0,39.0,11150.5,1,1,0,170.0,1,9299.0,362661.0,-0.199,0.659,estable,0.526,0.434,0.821,3.17
149449649,Urbania,BARRANCO,150104,Grau al 1430,Barranco,446275.0,38.0,11744.1,1,1,1,250.0,1,9299.0,353362.0,-0.263,0.659,estable,0.526,0.434,0.821,3.17
149849874,Urbania,BARRANCO,150104,Avenida San Martín 765,Barranco,469990.0,44.0,10681.6,1,1,1,217.0,1,9299.0,409156.0,-0.149,0.659,estable,0.526,0.434,0.821,3.17
148724891,Urbania,BARRANCO,150104,Jirón Pedro Martinto,Barranco,499000.0,51.0,9784.3,2,1,1,0.0,1,9299.0,474249.0,-0.052,0.659,estable,0.526,0.434,0.821,3.17
149791240,Urbania,BARRANCO,150104,PY Barranco 6,Barranco,503176.0,47.0,10705.9,1,1,0,0.0,1,9299.0,437053.0,-0.151,0.659,estable,0.526,0.434,0.821,3.17
149864586,Urbania,BARRANCO,150104,Jirón Enrique Delucchi al 200,Barranco,513000.0,73.0,7027.4,2,2,1,320.0,1,9299.0,678827.0,0.244,0.659,estable,0.526,0.434,0.821,3.17
4637609,Urbania,BARRANCO,150104,El Sol Oeste,Barranco,520819.0,48.0,10850.4,1,1,1,0.0,1,9299.0,446352.0,-0.167,0.659,estable,0.526,0.434,0.821,3.17
146768808,Urbania,BARRANCO,150104,"Av Pedro De Osma, Barranco",Barranco,536500.0,38.0,14118.4,1,1,1,1.0,1,9299.0,353362.0,-0.518,0.659,estable,0.526,0.434,0.821,3.17
149794715,Urbania,BARRANCO,150104,Jirón Jaén Cuadra 2,Barranco,550000.0,78.0,7051.3,3,2,1,0.0,10,9299.0,725322.0,0.242,0.659,estable,0.526,0.434,0.821,3.17
149538000,Urbania,BARRANCO,150104,Jirón Fedelli 101,Barranco,563000.0,56.0,10053.6,2,2,1,330.0,1,9299.0,520744.0,-0.081,0.659,estable,0.526,0.434,0.821,3.17
148960984,Urbania,BARRANCO,150104,Jiron Buenaventura Aguirre 206  Barranco  al 200,Barranco,651300.0,116.0,5614.7,3,2,1,0.0,1,9299.0,1078684.0,0.396,0.659,estable,0.526,0.434,0.821,3.17
148729318,Urbania,BARRANCO,150104,Pedro Martinto Cerca al Malecón Paul Harris,Barranco,653000.0,94.0,6946.8,1,1,1,600.0,1,9299.0,874106.0,0.253,0.659,estable,0.526,0.434,0.821,3.17
149416521,Urbania,BARRANCO,150104,Límite Barranco con Miraflores,Barranco,662300.0,110.0,6020.9,2,2,0,0.0,1,9299.0,1022890.0,0.353,0.659,estable,0.526,0.434,0.821,3.17
149481641,Urbania,BARRANCO,150104,Barranco al 400,Barranco,672600.0,72.0,9341.7,3,2,0,0.0,1,9299.0,669528.0,-0.005,0.659,estable,0.526,0.434,0.821,3.17
149866499,Urbania,BARRANCO,150104,Jirón Centenario 129,Barranco,700000.0,87.0,8046.0,1,1,1,0.0,1,9299.0,809013.0,0.135,0.659,estable,0.526,0.434,0.821,3.17
146018330,Urbania,BARRANCO,150104,"Jirón 2 DE Mayo N° 1xx, Dpto. 103",Barranco,716219.0,111.0,6452.4,2,2,0,0.0,1,9299.0,1032189.0,0.306,0.659,estable,0.526,0.434,0.821,3.17
147229530,Urbania,BARRANCO,150104,TEODOSIO PARREÑO,Barranco,810300.0,83.0,9762.7,3,3,1,490.0,1,9299.0,771817.0,-0.05,0.659,estable,0.526,0.434,0.821,3.17
146184980,Urbania,BARRANCO,150104,Dirección no informada,Barranco,860200.0,100.0,8602.0,2,2,1,0.0,1,9299.0,929900.0,0.075,0.659,estable,0.526,0.434,0.821,3.17
147944789,Urbania,BARRANCO,150104,las Mimosas al 100,Barranco,861211.0,90.0,9569.0,2,2,2,430.0,1,9299.0,836910.0,-0.029,0.659,estable,0.526,0.434,0.821,3.17
149416522,Urbania,BARRANCO,150104,Jirón Tacna,Barranco,897000.0,93.0,9645.2,2,2,1,580.0,1,9299.0,864807.0,-0.037,0.659,estable,0.526,0.434,0.821,3.17
90271227,Urbania,BARRANCO,150104,Av. San Martín,Barranco,993750.0,158.0,6289.6,2,2,2,550.0,1,9299.0,1469242.0,0.324,0.659,estable,0.526,0.434,0.821,3.17
149309081,Urbania,BARRANCO,150104,Jirón Las Mimosas 287,Barranco,1164500.0,130.0,8957.7,3,2,1,400.0,1,9299.0,1208870.0,0.037,0.659,estable,0.526,0.434,0.821,3.17
148742020,Urbania,BARRANCO,150104,Parque Gonzáles Prada 179,Barranco,2031120.0,243.0,8358.5,4,4,1,300.0,1,9299.0,2259657.0,0.101,0.659,estable,0.526,0.434,0.821,3.17
149815564,Urbania,BARRANCO,150104,"Malecón Castilla N 1xx, Piso 9, Barranco.",Barranco,4101080.0,342.0,11991.5,3,3,2,0.0,1,9299.0,3180258.0,-0.29,0.659,estable,0.526,0.434,0.821,3.17
149522767,Urbania,BARRANCO,150104,Jirón 28 de Julio,Barranco,4250000.0,503.0,8449.3,3,3,2,2500.0,1,9299.0,4677397.0,0.091,0.659,estable,0.526,0.434,0.821,3.17
149814482,Urbania,BARRANCO,150104,"Malecón Castilla N 1xx, Piso 4, Barranco.",Barranco,4488000.0,405.0,11081.5,4,4,3,0.0,1,9299.0,3766095.0,-0.192,0.659,estable,0.526,0.434,0.821,3.17
148741476,Urbania,BARRANCO,150104,"Av. 28 de Julio N 4, Piso 6, Barranco",Barranco,5527500.0,570.0,9697.4,2,3,6,0.0,1,9299.0,5300430.0,-0.043,0.659,estable,0.526,0.434,0.821,3.17
147111416,Urbania,BREÑA,150105,Breña,Breña,288640.0,54.0,5345.2,2,2,1,0.0,1,5231.0,282474.0,-0.022,0.421,estable,0.07,0.324,0.812,4.04
149079233,Urbania,BREÑA,150105,Av. España 711,Breña,305997.0,87.0,3517.2,3,2,0,0.0,1,5231.0,455097.0,0.328,0.421,estable,0.07,0.324,0.812,4.04
149581184,Urbania,BREÑA,150105,"Jirón Loreto N° 16xx, Dpto. 201 AL 501",Breña,348560.0,55.0,6337.5,2,2,0,0.0,1,5231.0,287705.0,-0.212,0.421,estable,0.07,0.324,0.812,4.04
148988771,Urbania,BREÑA,150105,Condominio vista verde  Jr Pucallpa 251 Breña,Breña,368500.0,78.0,4724.4,4,2,0,0.0,1,5231.0,408018.0,0.097,0.421,estable,0.07,0.324,0.812,4.04
148925621,Urbania,BREÑA,150105,"JR Rebeca Oquendo 307 URB Graden City, Breña",Breña,374000.0,79.0,4734.2,3,2,0,0.0,1,5231.0,413249.0,0.095,0.421,estable,0.07,0.324,0.812,4.04
148942333,Urbania,BREÑA,150105,"Av Juan Pablo Fernandini N° 9xx, Dpto. 303 AL 1703",Breña,380000.0,58.0,6551.7,2,2,0,0.0,10,5231.0,303398.0,-0.252,0.421,estable,0.07,0.324,0.812,4.04
147532951,Urbania,BREÑA,150105,JR NAPO 238 BREÑA  149M2  4 HAB,Breña,429000.0,149.0,2879.2,4,2,0,0.0,10,5231.0,779419.0,0.45,0.421,estable,0.07,0.324,0.812,4.04
148834741,Urbania,BREÑA,150105,AV. JUAN PABLO FERNANDINI,Breña,482795.0,71.0,6799.9,3,2,0,290.0,1,5231.0,371401.0,-0.3,0.421,estable,0.07,0.324,0.812,4.04
144814580,Urbania,BREÑA,150105,"Av. General Felipe Varela N°19xx, Dpto. 205 A AL 1505 A",Breña,488186.0,81.0,6027.0,3,2,0,0.0,1,5231.0,423711.0,-0.152,0.421,estable,0.07,0.324,0.812,4.04
144814281,Urbania,BREÑA,150105,"Av. General Felipe Varela N°19xx, Dpto. 1609 B",Breña,490270.0,83.0,5906.9,1,2,0,0.0,1,5231.0,434173.0,-0.129,0.421,estable,0.07,0.324,0.812,4.04
144814078,Urbania,BREÑA,150105,"Av. General Felipe Varela N°19xx, Dpto.1604 , 1606 A",Breña,687111.0,132.0,5205.4,3,2,0,0.0,1,5231.0,690492.0,0.005,0.421,estable,0.07,0.324,0.812,4.04
144814072,Urbania,BREÑA,150105,"Av. General Felipe Varela N°19xx, Dpto.1602 B",Breña,742800.0,142.0,5231.0,3,2,0,0.0,1,5231.0,742802.0,0.0,0.421,estable,0.07,0.324,0.812,4.04
145717534,Urbania,CHORRILLOS,150108,AV. LAS Gaviotas 1XX Dpto 207 T1,Chorrillos,210000.0,33.0,6363.6,1,1,1,0.0,1,5175.0,170775.0,-0.23,0.306,estable,0.252,0.473,0.758,11.61
145081219,Urbania,CHORRILLOS,150108,Av. Los Faisanes 485,Chorrillos,244000.0,38.0,6421.1,1,2,0,0.0,1,5175.0,196650.0,-0.241,0.306,estable,0.252,0.473,0.758,11.61
149889961,Urbania,CHORRILLOS,150108,Jiron Julio Victor Aguirre 281,Chorrillos,250000.0,65.0,3846.2,2,1,0,0.0,1,5175.0,336375.0,0.257,0.306,estable,0.252,0.473,0.758,11.61
148715530,Urbania,CHORRILLOS,150108,Victor Humareda  al 100,Chorrillos,275000.0,63.0,4365.1,3,2,0,0.0,1,5175.0,326025.0,0.157,0.306,estable,0.252,0.473,0.758,11.61
90584028,Urbania,CHORRILLOS,150108,AV. EL SOL 120,Nuevo Chorrillos,282240.0,70.0,4032.0,2,2,0,28.0,1,5175.0,362250.0,0.221,0.306,estable,0.252,0.473,0.758,11.61
148322491,Urbania,CHORRILLOS,150108,Jiron Viña Venturo  2xx - Vendo Dpto 3dorm Cerca a la av Guardia Civil,Chorrillos,285600.0,78.0,3661.5,3,2,0,100.0,1,5175.0,403650.0,0.292,0.306,estable,0.252,0.473,0.758,11.61
149244632,Urbania,CHORRILLOS,150108,Jirón Tambo Real,Chorrillos,291500.0,65.0,4484.6,2,2,1,0.0,1,5175.0,336375.0,0.133,0.306,estable,0.252,0.473,0.758,11.61
147910082,Urbania,CHORRILLOS,150108,Jr. Perseo Chorrillos,La Campiña,297000.0,60.0,4950.0,2,1,1,0.0,1,5175.0,310500.0,0.043,0.306,estable,0.252,0.473,0.758,11.61
149228484,Urbania,CHORRILLOS,150108,Calle Santa Teresa,Chorrillos,300150.0,76.0,3949.3,3,1,0,180.0,1,5175.0,393300.0,0.237,0.306,estable,0.252,0.473,0.758,11.61
148699190,Urbania,CHORRILLOS,150108,Calle Perseo 100 Piso 3,La Campiña,302600.0,68.0,4450.0,3,2,0,150.0,1,5175.0,351900.0,0.14,0.306,estable,0.252,0.473,0.758,11.61
147401840,Urbania,CHORRILLOS,150108,"Jirón Independencia N° 3xx, Dpto. 111 AL 1211 B",Chorrillos,308899.0,41.0,7534.1,1,1,0,0.0,1,5175.0,212175.0,-0.456,0.306,estable,0.252,0.473,0.758,11.61
149317111,Urbania,CHORRILLOS,150108,Av. Defensores del Morro,Chorrillos,310610.0,71.0,4374.8,3,2,0,0.0,1,5175.0,367425.0,0.155,0.306,estable,0.252,0.473,0.758,11.61
149700410,Urbania,CHORRILLOS,150108,Los Gorriones 235,Chorrillos,330000.0,72.0,4583.3,3,2,0,0.0,1,5175.0,372600.0,0.114,0.306,estable,0.252,0.473,0.758,11.61
149637466,Urbania,CHORRILLOS,150108,Jiron Juno  al 100,La Campiña,350000.0,65.0,5384.6,3,2,0,0.0,1,5175.0,336375.0,-0.041,0.306,estable,0.252,0.473,0.758,11.61
147668321,Urbania,CHORRILLOS,150108,Av. Alipio Ponce Vásquez 32,Chorrillos,358100.0,58.0,6174.1,2,2,0,0.0,1,5175.0,300150.0,-0.193,0.306,estable,0.252,0.473,0.758,11.61
149686191,Urbania,CHORRILLOS,150108,José Olaya,Chorrillos,362582.0,56.0,6474.7,2,2,0,0.0,1,5175.0,289800.0,-0.251,0.306,estable,0.252,0.473,0.758,11.61
145860043,Urbania,CHORRILLOS,150108,Gaviotas,Chorrillos,364000.0,67.0,5432.8,3,2,3,0.0,10,5175.0,346725.0,-0.05,0.306,estable,0.252,0.473,0.758,11.61
145860835,Urbania,CHORRILLOS,150108,Gaviotas,Chorrillos,366000.0,66.0,5545.5,3,2,1,0.0,1,5175.0,341550.0,-0.072,0.306,estable,0.252,0.473,0.758,11.61
149273120,Urbania,CHORRILLOS,150108,AV Jose Olaya  al 100,Chorrillos,367000.0,60.0,6116.7,2,2,0,0.0,1,5175.0,310500.0,-0.182,0.306,estable,0.252,0.473,0.758,11.61
149726762,Urbania,CHORRILLOS,150108,Calle Tobago,Los Cedros De Villa,370600.0,76.0,4876.3,3,2,1,99.0,1,5175.0,393300.0,0.058,0.306,estable,0.252,0.473,0.758,11.61
149178757,Urbania,CHORRILLOS,150108,Av. Los Faisanes 335,Chorrillos,375000.0,99.0,3787.9,3,3,0,250.0,1,5175.0,512325.0,0.268,0.306,estable,0.252,0.473,0.758,11.61
149479135,Urbania,CHORRILLOS,150108,Los Gorriones 273,La Campiña,377000.0,70.0,5385.7,3,2,1,250.0,1,5175.0,362250.0,-0.041,0.306,estable,0.252,0.473,0.758,11.61
149738786,Urbania,CHORRILLOS,150108,Amplia Terraza | Cocina Americana | 3 Dormitorios | No Incluye Cochera,La Campiña,379000.0,86.0,4407.0,3,2,0,250.0,10,5175.0,445050.0,0.148,0.306,estable,0.252,0.473,0.758,11.61
146623833,Urbania,CHORRILLOS,150108,Av. José Olaya Cuadra 5 Cerca a Plaza Vea de Iglesias,Chorrillos,383719.0,71.0,5404.5,3,2,1,0.0,10,5175.0,367425.0,-0.044,0.306,estable,0.252,0.473,0.758,11.61
149620601,Urbania,CHORRILLOS,150108,Av. Las Gaviotas al 400,Chorrillos,387000.0,58.0,6672.4,2,2,0,0.0,1,5175.0,300150.0,-0.289,0.306,estable,0.252,0.473,0.758,11.61
146944703,Urbania,CHORRILLOS,150108,"JIRON SANTA TERESA, CHORRILLOS",Chorrillos,399600.0,92.0,4343.5,2,2,1,1.0,10,5175.0,476100.0,0.161,0.306,estable,0.252,0.473,0.758,11.61
149031027,Urbania,CHORRILLOS,150108,URB Cedros DE Villa,Chorrillos,400800.0,202.0,1984.2,3,6,0,0.0,1,5175.0,1045350.0,0.617,0.306,estable,0.252,0.473,0.758,11.61
147164153,Urbania,CHORRILLOS,150108,"Av José Olaya N° 2xx, Dpto. Tipo 15",Chorrillos,409550.0,56.0,7313.4,1,2,1,0.0,1,5175.0,289800.0,-0.413,0.306,estable,0.252,0.473,0.758,11.61
149514842,Urbania,CHORRILLOS,150108,Calle Menorca 100,Chorrillos,425000.0,127.0,3346.5,3,3,1,200.0,1,5175.0,657225.0,0.353,0.306,estable,0.252,0.473,0.758,11.61
149463274,Urbania,CHORRILLOS,150108,Avenida Faisanes al 300,Chorrillos,425900.0,64.0,6654.7,3,2,0,0.0,10,5175.0,331200.0,-0.286,0.306,estable,0.252,0.473,0.758,11.61
149282647,Urbania,CHORRILLOS,150108,Calle Isla Jamaica Mz.B9 - Lt.18,Los Cedros De Villa,435500.0,105.0,4147.6,3,3,0,50.0,1,5175.0,543375.0,0.199,0.306,estable,0.252,0.473,0.758,11.61
148449843,Urbania,CHORRILLOS,150108,"DEMETRIO RUIZ 171 ,CHORRILLOS A0 267M2 AC 153M2 6 HAB 3 BAÑOS",Chorrillos,438100.0,267.0,1640.8,6,3,0,1.0,1,5175.0,1381725.0,0.683,0.306,estable,0.252,0.473,0.758,11.61
149307459,Urbania,CHORRILLOS,150108,Amplio Depa con Balcón y 3dorm en Chorrillos,Chorrillos,446059.0,67.0,6657.6,3,2,0,0.0,1,5175.0,346725.0,-0.286,0.306,estable,0.252,0.473,0.758,11.61
148383850,Urbania,CHORRILLOS,150108,guardia civil sur 108,Chorrillos,487200.0,100.0,4872.0,3,2,1,150.0,1,5175.0,517500.0,0.059,0.306,estable,0.252,0.473,0.758,11.61
148347627,Urbania,CHORRILLOS,150108,"Jirón Daniel Urrea N° 2xx, Dpto. 202 AL 702",Chorrillos,511000.0,59.0,8661.0,2,2,0,0.0,1,5175.0,305325.0,-0.674,0.306,estable,0.252,0.473,0.758,11.61
145338635,Urbania,CHORRILLOS,150108,Jr costa azul 183,Chorrillos,570400.0,135.0,4225.2,4,3,0,150.0,1,5175.0,698625.0,0.184,0.306,estable,0.252,0.473,0.758,11.61
148809014,Urbania,CHORRILLOS,150108,Santa Maria de Villa Chorrillos Calle B 116,Santa Maria De Villa,645000.0,218.0,2958.7,4,5,0,0.0,1,5175.0,1128150.0,0.428,0.306,estable,0.252,0.473,0.758,11.61
149888037,Urbania,CHORRILLOS,150108,Malecon Grau Chorrillos,Chorrillos,748000.0,135.0,5540.7,3,2,1,560.0,1,5175.0,698625.0,-0.071,0.306,estable,0.252,0.473,0.758,11.61
147846633,Urbania,CHORRILLOS,150108,Dario Torres,Chorrillos,897000.0,132.0,6795.5,3,2,2,0.0,1,5175.0,683100.0,-0.313,0.306,estable,0.252,0.473,0.758,11.61
4592982,Urbania,CHORRILLOS,150108,Darío Torres,Chorrillos,993600.0,140.0,7097.1,3,2,2,450.0,1,5175.0,724500.0,-0.371,0.306,estable,0.252,0.473,0.758,11.61
149815235,Urbania,CHORRILLOS,150108,Pasaje Mirabel  125,Chorrillos,1013200.0,160.0,6332.5,2,2,1,0.0,10,5175.0,828000.0,-0.224,0.306,estable,0.252,0.473,0.758,11.61
148976988,Urbania,CHORRILLOS,150108,"Calle Malecón Grau N 2, Piso 1, Chorrillos",Chorrillos,2512500.0,330.0,7613.6,4,2,4,0.0,10,5175.0,1707750.0,-0.471,0.306,estable,0.252,0.473,0.758,11.61
147179347,Urbania,CHORRILLOS,150108,Malecón Grau,Chorrillos,2654225.0,390.0,6805.7,3,3,3,0.0,1,5175.0,2018250.0,-0.315,0.306,estable,0.252,0.473,0.758,11.61
66161053,Urbania,CHORRILLOS,150108,MALECÓN GRAU 260,Chorrillos,4342000.0,770.0,5639.0,3,4,3,2500.0,1,5175.0,3984750.0,-0.09,0.306,estable,0.252,0.473,0.758,11.61
149760604,Urbania,COMAS,150110,Jr. San Martín 350,Comas,123600.0,102.0,1211.8,4,1,0,0.0,1,2880.0,293760.0,0.579,0.317,estable,0.303,0.493,0.722,16.04
149268996,Urbania,COMAS,150110,Jr. Las Américas,Comas,129906.0,50.0,2598.1,3,1,0,0.0,1,2880.0,144000.0,0.098,0.317,estable,0.303,0.493,0.722,16.04
149703403,Urbania,COMAS,150110,condominio Los Girasoles,Comas,135000.0,50.0,2700.0,3,1,0,90.0,1,2880.0,144000.0,0.062,0.317,estable,0.303,0.493,0.722,16.04
149028820,Urbania,COMAS,150110,Ca. 21 287-239,Comas,140000.0,54.0,2592.6,2,1,0,0.0,1,2880.0,155520.0,0.1,0.317,estable,0.303,0.493,0.722,16.04
149548219,Urbania,COMAS,150110,Avenida Manuel Gonzalez Prada 1201,Comas,155000.0,50.0,3100.0,2,1,0,100.0,1,2880.0,144000.0,-0.076,0.317,estable,0.303,0.493,0.722,16.04
149865196,Urbania,COMAS,150110,Av. A 790,Comas,160000.0,50.0,3200.0,3,1,0,100.0,1,2880.0,144000.0,-0.111,0.317,estable,0.303,0.493,0.722,16.04
143672582,Urbania,COMAS,150110,LOS GIRASOLES TERCERA ETAPA,Comas,170000.0,50.0,3400.0,3,1,0,150.0,1,2880.0,144000.0,-0.181,0.317,estable,0.303,0.493,0.722,16.04
146741092,Urbania,COMAS,150110,jr Bosques de Huayllay Comas,Comas,174200.0,73.0,2386.3,2,2,0,0.0,10,2880.0,210240.0,0.171,0.317,estable,0.303,0.493,0.722,16.04
149815444,Urbania,COMAS,150110,Manuel Gonzales Prada 123,Comas,190000.0,50.0,3800.0,3,1,1,0.0,1,2880.0,144000.0,-0.319,0.317,estable,0.303,0.493,0.722,16.04
149459517,Urbania,COMAS,150110,Av. Micaela Bastidas 1246,Comas,209763.0,53.0,3957.8,3,1,0,0.0,1,2880.0,152640.0,-0.374,0.317,estable,0.303,0.493,0.722,16.04
149898648,Urbania,COMAS,150110,Torres Del Campo,Comas,220000.0,70.0,3142.9,3,2,0,138.0,1,2880.0,201600.0,-0.091,0.317,estable,0.303,0.493,0.722,16.04
148654312,Urbania,COMAS,150110,Arguedas 159,Comas,222300.0,83.0,2678.3,3,2,0,0.0,1,2880.0,239040.0,0.07,0.317,estable,0.303,0.493,0.722,16.04
147846630,Urbania,COMAS,150110,Ca. Mama Ocllo,Comas,227500.0,106.0,2146.2,3,1,0,0.0,1,2880.0,305280.0,0.255,0.317,estable,0.303,0.493,0.722,16.04
148083166,Urbania,COMAS,150110,"Mariano Necochea 461, Comas",Comas,235000.0,86.0,2732.6,2,2,0,0.0,1,2880.0,247680.0,0.051,0.317,estable,0.303,0.493,0.722,16.04
149061879,Urbania,COMAS,150110,República de Israel Puerta Nª 5,Comas,235000.0,59.0,3983.1,3,2,0,115.0,1,2880.0,169920.0,-0.383,0.317,estable,0.303,0.493,0.722,16.04
147780004,Urbania,COMAS,150110,Torres del campo,Santa Luzmila,235000.0,83.0,2831.3,3,2,1,110.0,1,2880.0,239040.0,0.017,0.317,estable,0.303,0.493,0.722,16.04
146680126,Urbania,COMAS,150110,Calle Jose Baquijano Y Carrillo 107,Santa Luzmila,235200.0,80.0,2940.0,3,2,0,30.0,1,2880.0,230400.0,-0.021,0.317,estable,0.303,0.493,0.722,16.04
148654156,Urbania,COMAS,150110,Arguedas 159,Comas,247900.0,101.0,2454.5,3,2,0,0.0,1,2880.0,290880.0,0.148,0.317,estable,0.303,0.493,0.722,16.04
149273466,Urbania,COMAS,150110,Av. Republica del Peru 1091,Huaquillay Et.1,285000.0,100.0,2850.0,3,1,0,0.0,1,2880.0,288000.0,0.01,0.317,estable,0.303,0.493,0.722,16.04
148984283,Urbania,COMAS,150110,"San Jorge 130, Comas",Comas,287000.0,101.0,2841.6,4,2,0,0.0,1,2880.0,290880.0,0.013,0.317,estable,0.303,0.493,0.722,16.04
149121128,Urbania,COMAS,150110,Jose Olaya,Comas,299040.0,124.0,2411.6,3,2,0,0.0,1,2880.0,357120.0,0.163,0.317,estable,0.303,0.493,0.722,16.04
149439998,Urbania,COMAS,150110,Las Palmas,Comas,349999.0,89.0,3932.6,3,2,0,229.0,1,2880.0,256320.0,-0.365,0.317,estable,0.303,0.493,0.722,16.04
149087169,Urbania,JESUS MARIA,150113,Jr. Huáscar al 1400,Jesús María,250000.0,34.0,7352.9,1,1,0,0.0,1,7389.0,251226.0,0.005,0.296,estable,0.512,0.608,0.837,0.52
149447237,Urbania,JESUS MARIA,150113,Av. Brasil,Jesús María,311000.0,42.0,7404.8,1,1,0,200.0,1,7389.0,310338.0,-0.002,0.296,estable,0.512,0.608,0.837,0.52
149615943,Urbania,JESUS MARIA,150113,Pasaje Santiago 2380,Jesús María,350000.0,91.0,3846.2,3,1,0,0.0,1,7389.0,672399.0,0.479,0.296,estable,0.512,0.608,0.837,0.52
148084358,Urbania,JESUS MARIA,150113,Pasaje Ideal al 100,Jesús María,353513.0,76.0,4651.5,3,2,1,120.0,1,7389.0,561564.0,0.37,0.296,estable,0.512,0.608,0.837,0.52
147856825,Urbania,JESUS MARIA,150113,"Av. Salaverry 571, Jesús María",Jesús María,390000.0,40.0,9750.0,1,1,0,0.0,1,7389.0,295560.0,-0.32,0.296,estable,0.512,0.608,0.837,0.52
4648089,Urbania,JESUS MARIA,150113,Brasil,Jesús María,445804.0,60.0,7430.1,2,2,1,0.0,1,7389.0,443340.0,-0.006,0.296,estable,0.512,0.608,0.837,0.52
149522012,Urbania,JESUS MARIA,150113,Av. Brasil,Jesús María,475000.0,112.0,4241.1,2,2,0,30.0,1,7389.0,827568.0,0.426,0.296,estable,0.512,0.608,0.837,0.52
149907619,Urbania,JESUS MARIA,150113,Av. Brasil,Jesús María,499000.0,75.0,6653.3,3,2,1,0.0,1,7389.0,554175.0,0.1,0.296,estable,0.512,0.608,0.837,0.52
149826033,Urbania,JESUS MARIA,150113,Av. Cuba al 1000,Jesús María,513858.0,83.0,6191.1,3,2,1,0.0,1,7389.0,613287.0,0.162,0.296,estable,0.512,0.608,0.837,0.52
149591778,Urbania,JESUS MARIA,150113,Av. 28 de Julio Cdra. 3,Jesús María,540000.0,79.0,6835.4,3,2,1,250.0,1,7389.0,583731.0,0.075,0.296,estable,0.512,0.608,0.837,0.52
149790266,Urbania,JESUS MARIA,150113,jr Huascar  al 1900,Jesús María,541000.0,81.0,6679.0,3,2,1,0.0,1,7389.0,598509.0,0.096,0.296,estable,0.512,0.608,0.837,0.52
149701643,Urbania,JESUS MARIA,150113,Av Eugenio Garzon al 800,Portada De Jesus Maria,550000.0,77.0,7142.9,3,2,0,0.0,1,7389.0,568953.0,0.033,0.296,estable,0.512,0.608,0.837,0.52
147856778,Urbania,JESUS MARIA,150113,"Av. Salaverry 571, Jesús María",Jesús María,581000.0,57.0,10193.0,2,2,0,0.0,1,7389.0,421173.0,-0.379,0.296,estable,0.512,0.608,0.837,0.52
149497430,Urbania,JESUS MARIA,150113,Jr. Huiracocha 2300,Jesús María,589900.0,99.0,5958.6,2,2,0,350.0,1,7389.0,731511.0,0.194,0.296,estable,0.512,0.608,0.837,0.52
144737603,Urbania,JESUS MARIA,150113,Av. Brasil,Jesús María,590000.0,92.0,6413.0,3,2,1,0.0,1,7389.0,679788.0,0.132,0.296,estable,0.512,0.608,0.837,0.52
149242013,Urbania,JESUS MARIA,150113,Residencial San Felipe,Residencial San Felipe,632880.0,137.0,4619.6,3,2,0,100.0,1,7389.0,1012293.0,0.375,0.296,estable,0.512,0.608,0.837,0.52
147999317,Urbania,JESUS MARIA,150113,Av. San Felipe 720,Jesús María,643250.0,79.0,8142.4,2,2,0,0.0,1,7389.0,583731.0,-0.102,0.296,estable,0.512,0.608,0.837,0.52
149665580,Urbania,JESUS MARIA,150113,Parque Pedro la Rosa 119,Jesús María,650000.0,102.0,6372.5,3,2,1,0.0,1,7389.0,753678.0,0.138,0.296,estable,0.512,0.608,0.837,0.52
148909728,Urbania,JESUS MARIA,150113,Jirón Caracas al 2400,Jesús María,653250.0,142.0,4600.4,2,2,0,0.0,1,7389.0,1049238.0,0.377,0.296,estable,0.512,0.608,0.837,0.52
149037867,Urbania,JESUS MARIA,150113,"Av Cuba N° 11xx, Dpto. 2206",Jesús María,700000.0,83.0,8433.7,3,2,1,0.0,1,7389.0,613287.0,-0.141,0.296,estable,0.512,0.608,0.837,0.52
148884410,Urbania,JESUS MARIA,150113,Av. Salaverry,Jesús María,728000.0,75.0,9706.7,3,2,1,0.0,1,7389.0,554175.0,-0.314,0.296,estable,0.512,0.608,0.837,0.52
149210391,Urbania,JESUS MARIA,150113,Av. Gregorio Escobedo 560,Los Patricios,765000.0,97.0,7886.6,3,2,1,0.0,10,7389.0,716733.0,-0.067,0.296,estable,0.512,0.608,0.837,0.52
149687491,Urbania,JESUS MARIA,150113,Avenida General Felipe Salaverry al 500,Jesús María,819000.0,168.0,4875.0,3,2,1,280.0,1,7389.0,1241352.0,0.34,0.296,estable,0.512,0.608,0.837,0.52
149541815,Urbania,JESUS MARIA,150113,Av. San Felipe 1079,Jesús María,1751000.0,300.0,5836.7,4,7,1,0.0,1,7389.0,2216700.0,0.21,0.296,estable,0.512,0.608,0.837,0.52
149880119,Urbania,LA MOLINA,150114,Armatambo 180,La Molina,360000.0,100.0,3600.0,3,2,1,0.0,1,4943.0,494300.0,0.272,0.227,estable,0.08,0.426,0.845,1.17
149703524,Urbania,LA MOLINA,150114,Calle Paseo de los Condes 180,Las Lomas De La Molina Vieja,420000.0,116.0,3620.7,3,2,1,100.0,1,4943.0,573388.0,0.268,0.227,estable,0.08,0.426,0.845,1.17
149772802,Urbania,LA MOLINA,150114,Jirón Nevado Alpamayo 157,La Molina,485110.0,89.0,5450.7,3,3,0,0.0,1,4943.0,439927.0,-0.103,0.227,estable,0.08,0.426,0.845,1.17
149257055,Urbania,LA MOLINA,150114,Av. Alameda Del Corregidor al 1500,Sirius,493000.0,90.0,5477.8,3,3,1,175.0,1,4943.0,444870.0,-0.108,0.227,estable,0.08,0.426,0.845,1.17
149730433,Urbania,LA MOLINA,150114,Aprovisa,Aprovisa,493000.0,116.0,4250.0,3,2,1,0.0,1,4943.0,573388.0,0.14,0.227,estable,0.08,0.426,0.845,1.17
148091915,Urbania,LA MOLINA,150114,Avenida Alameda del Corregidor 1575	 al 1500,Sirius,499150.0,91.0,5485.2,3,3,1,0.0,10,4943.0,449813.0,-0.11,0.227,estable,0.08,0.426,0.845,1.17
148207383,Urbania,LA MOLINA,150114,"Jr. Cusco 199, La Molina 15024",La Molina,537600.0,145.0,3707.6,3,2,0,0.0,1,4943.0,716735.0,0.25,0.227,estable,0.08,0.426,0.845,1.17
143776550,Urbania,LA MOLINA,150114,"JR RICARDO PALMA 131, LA MOLINA",La Molina,555000.0,90.0,6166.7,3,3,1,56.0,1,4943.0,444870.0,-0.248,0.227,estable,0.08,0.426,0.845,1.17
149297132,Urbania,LA MOLINA,150114,Avenida Flora Tristán 215,La Molina,577473.0,118.0,4893.8,3,3,1,0.0,1,4943.0,583274.0,0.01,0.227,estable,0.08,0.426,0.845,1.17
148623345,Urbania,LA MOLINA,150114,Calle Andalucia,La Molina,586500.0,135.0,4344.4,5,4,0,0.0,1,4943.0,667305.0,0.121,0.227,estable,0.08,0.426,0.845,1.17
148825617,Urbania,LA MOLINA,150114,Segovia,La Molina,589000.0,200.0,2945.0,4,4,1,0.0,1,4943.0,988600.0,0.404,0.227,estable,0.08,0.426,0.845,1.17
146767672,Urbania,LA MOLINA,150114,"Jose Antonio 270, Parque Monterrico La Molina",La Molina,592000.0,96.0,6166.7,3,3,1,130.0,1,4943.0,474528.0,-0.248,0.227,estable,0.08,0.426,0.845,1.17
149737557,Urbania,LA MOLINA,150114,Av. la Molina,La Molina,619500.0,100.0,6195.0,2,2,2,0.0,1,4943.0,494300.0,-0.253,0.227,estable,0.08,0.426,0.845,1.17
149611317,Urbania,LA MOLINA,150114,Jirón CEDRONES 220 - 201,Sirius,667260.0,126.0,5295.7,2,2,1,200.0,1,4943.0,622818.0,-0.071,0.227,estable,0.08,0.426,0.845,1.17
149727262,Urbania,LA MOLINA,150114,Secoyas  al 100,La Molina,677400.0,91.0,7444.0,3,1,1,200.0,1,4943.0,449813.0,-0.506,0.227,estable,0.08,0.426,0.845,1.17
149315166,Urbania,LA MOLINA,150114,Avenida los Fresnos,El Remanso,682570.0,121.0,5641.1,3,3,2,0.0,1,4943.0,598103.0,-0.141,0.227,estable,0.08,0.426,0.845,1.17
147429303,Urbania,LA MOLINA,150114,COLEGIO ALTAIR,La Molina,684000.0,108.0,6333.3,3,3,1,350.0,1,4943.0,533844.0,-0.281,0.227,estable,0.08,0.426,0.845,1.17
149416233,Urbania,LA MOLINA,150114,Av. Rinconada del Lago 652,La Molina,695000.0,130.0,5346.2,3,2,2,350.0,1,4943.0,642590.0,-0.082,0.227,estable,0.08,0.426,0.845,1.17
63610809,Urbania,LA MOLINA,150114,Dirección no informada,La Capilla,703000.0,130.0,5407.7,3,3,1,80.0,1,4943.0,642590.0,-0.094,0.227,estable,0.08,0.426,0.845,1.17
148053244,Urbania,LA MOLINA,150114,CALLE BADAJOS,La Capilla,735000.0,280.0,2625.0,3,1,1,0.0,1,4943.0,1384040.0,0.469,0.227,estable,0.08,0.426,0.845,1.17
148192097,Urbania,LA MOLINA,150114,C. Palma Real 134,La Molina,770000.0,121.0,6363.6,3,2,1,0.0,1,4943.0,598103.0,-0.287,0.227,estable,0.08,0.426,0.845,1.17
149575828,Urbania,LA MOLINA,150114,Calle toulon 135,La Riviera De Monterrico,782040.0,117.0,6684.1,3,2,2,350.0,1,4943.0,578331.0,-0.352,0.227,estable,0.08,0.426,0.845,1.17
144943977,Urbania,LA MOLINA,150114,"Calle Santa Margarita 114, Lima, Perú",La Molina,791700.0,164.0,4827.4,4,3,1,0.0,10,4943.0,810652.0,0.023,0.227,estable,0.08,0.426,0.845,1.17
148607654,Urbania,LA MOLINA,150114,Manuel Prado Ugarteche 518,La Estancia,882555.0,187.0,4719.5,2,3,2,500.0,1,4943.0,924341.0,0.045,0.227,estable,0.08,0.426,0.845,1.17
148252984,Urbania,LA MOLINA,150114,Jirón de Los Conquistadores,Las Lomas De La Molina Vieja,892500.0,187.0,4772.7,3,3,1,0.0,1,4943.0,924341.0,0.034,0.227,estable,0.08,0.426,0.845,1.17
146411737,Urbania,LA MOLINA,150114,"LOS TULIPANES , La Molina",La Molina,918000.0,214.0,4289.7,3,2,2,190.0,1,4943.0,1057802.0,0.132,0.227,estable,0.08,0.426,0.845,1.17
147556819,Urbania,LA MOLINA,150114,Altura DE  Cdra.24 DEL Corregidor - Urb. LA Capilla,La Molina,971250.0,230.0,4222.8,5,5,1,0.0,1,4943.0,1136890.0,0.146,0.227,estable,0.08,0.426,0.845,1.17
149782626,Urbania,LA MOLINA,150114,Avenida Corregidor al 2100,Alameda De Los Corregidores,1031550.0,130.5,7904.6,7,9,0,0.0,1,4943.0,645062.0,-0.599,0.227,estable,0.08,0.426,0.845,1.17
149178962,Urbania,LA MOLINA,150114,Jirón Los Diáconos 122,La Molina,1207500.0,427.0,2827.9,6,6,3,0.0,1,4943.0,2110661.0,0.428,0.227,estable,0.08,0.426,0.845,1.17
146767616,Urbania,LA MOLINA,150114,"Calle Las Cedrelas 1, La Molina",La Molina,1293750.0,300.0,4312.5,3,2,2,260.0,9,4943.0,1482900.0,0.128,0.227,estable,0.08,0.426,0.845,1.17
149831702,Urbania,LA MOLINA,150114,Cerros de Camacho,Camacho,2233000.0,420.0,5316.7,4,4,3,2400.0,1,4943.0,2076060.0,-0.076,0.227,estable,0.08,0.426,0.845,1.17
149303646,Urbania,LA VICTORIA,150115,JR ABTAO 1313,La Victoria,185085.0,58.0,3191.1,3,1,0,0.0,1,6965.0,403970.0,0.542,0.354,mejorando,0.304,0.475,0.714,11.06
148907325,Urbania,LA VICTORIA,150115,Psje. Francisco Pizarro N° 0103 Dpto. 18 Piso 04 Urb. El Porvenir,El Porvenir,252000.0,69.0,3652.2,2,1,0,0.0,1,6965.0,480585.0,0.476,0.354,mejorando,0.304,0.475,0.714,11.06
149328184,Urbania,LA VICTORIA,150115,Jr. Abtao,La Victoria,255000.0,64.0,3984.4,2,1,0,80.0,1,6965.0,445760.0,0.428,0.354,mejorando,0.304,0.475,0.714,11.06
146221441,Urbania,LA VICTORIA,150115,"Av Canada N° 1xx, Dpto. 307 AL 2407 C",La Victoria,284215.0,40.0,7105.4,1,1,0,0.0,1,6965.0,278600.0,-0.02,0.354,mejorando,0.304,0.475,0.714,11.06
146408258,Urbania,LA VICTORIA,150115,"Av Esteban Campodonico N° 5xx, Dpto. 601 AL 2201",Santa Catalina,286000.0,41.0,6975.6,1,1,1,0.0,1,6965.0,285565.0,-0.002,0.354,mejorando,0.304,0.475,0.714,11.06
149663186,Urbania,LA VICTORIA,150115,Av. Javier Prado - Departamento en Venta -  Frente a la vía Expresa,Santa Catalina,344216.0,39.0,8826.1,1,1,0,0.0,1,6965.0,271635.0,-0.267,0.354,mejorando,0.304,0.475,0.714,11.06
149159815,Urbania,LA VICTORIA,150115,"Av Carlos Villaran N° 8xx, Dpto. 310 AL 1710",La Victoria,345400.0,47.0,7348.9,2,1,1,0.0,1,6965.0,327355.0,-0.055,0.354,mejorando,0.304,0.475,0.714,11.06
149843409,Urbania,LA VICTORIA,150115,Av. Aviación 2080,La Victoria,376200.0,85.0,4425.9,3,2,0,0.0,1,6965.0,592025.0,0.365,0.354,mejorando,0.304,0.475,0.714,11.06
149255373,Urbania,LA VICTORIA,150115,Ca. los Topacios 142,La Victoria,395000.0,59.0,6694.9,2,2,0,0.0,1,6965.0,410935.0,0.039,0.354,mejorando,0.304,0.475,0.714,11.06
149261191,Urbania,LA VICTORIA,150115,Av. Canadá 1276,La Victoria,405000.0,65.0,6230.8,2,2,0,200.0,1,6965.0,452725.0,0.105,0.354,mejorando,0.304,0.475,0.714,11.06
143173061,Urbania,LA VICTORIA,150115,"Calle Alberto Barton N°2xx, DPT Tipo 8",Santa Catalina,417650.0,51.0,8189.2,2,2,0,0.0,1,6965.0,355215.0,-0.176,0.354,mejorando,0.304,0.475,0.714,11.06
143173645,Urbania,LA VICTORIA,150115,"Calle Alberto Barton N°2xx, DPT Tipo 9",Santa Catalina,424989.0,47.0,9042.3,1,1,0,0.0,1,6965.0,327355.0,-0.298,0.354,mejorando,0.304,0.475,0.714,11.06
149574478,Urbania,LA VICTORIA,150115,Avenida José de Rivadeneyra al 1089,Santa Catalina,462500.0,68.0,6801.5,3,2,1,0.0,1,6965.0,473620.0,0.023,0.354,mejorando,0.304,0.475,0.714,11.06
146972681,Urbania,LA VICTORIA,150115,"Calle Fermín Tanguis N° 1xx, Dpto. 601 AL 2501 C",Santa Catalina,497872.0,69.0,7215.5,3,2,0,0.0,1,6965.0,480585.0,-0.036,0.354,mejorando,0.304,0.475,0.714,11.06
146685166,Urbania,LA VICTORIA,150115,Av. Paseo de la republica,Santa Catalina,526744.0,60.0,8779.1,2,2,0,0.0,1,6965.0,417900.0,-0.26,0.354,mejorando,0.304,0.475,0.714,11.06
143173426,Urbania,LA VICTORIA,150115,"Av Javier Prado Este N° 10xx, Dpto. 904 AL 2804",Santa Catalina,545234.0,72.0,7572.7,3,2,0,0.0,1,6965.0,501480.0,-0.087,0.354,mejorando,0.304,0.475,0.714,11.06
145499249,Urbania,LA VICTORIA,150115,"Av Carlos Villaran N° 3xx, Dpto. 1005 AL 1505",Santa Catalina,550000.0,74.0,7432.4,3,2,0,0.0,1,6965.0,515410.0,-0.067,0.354,mejorando,0.304,0.475,0.714,11.06
148771846,Urbania,LA VICTORIA,150115,Valderrama 174,Santa Catalina,583500.0,94.0,6207.4,3,2,0,0.0,1,6965.0,654710.0,0.109,0.354,mejorando,0.304,0.475,0.714,11.06
149310168,Urbania,LA VICTORIA,150115,Av Javier Prado Este  al 1000,La Victoria,616392.0,75.0,8218.6,3,2,0,0.0,1,6965.0,522375.0,-0.18,0.354,mejorando,0.304,0.475,0.714,11.06
149547711,Urbania,LINCE,150116,"Altura del Parque Pedro Ruiz Gallo, Municipalidad de Lince",Lince,306000.0,58.0,5275.9,2,1,0,60.0,1,7352.0,426416.0,0.282,0.275,mejorando,0.445,0.585,0.842,1.45
145812450,Urbania,LINCE,150116,CALLE IGNACIO MERINO,Lince,328000.0,56.0,5857.1,2,1,0,200.0,10,7352.0,411712.0,0.203,0.275,mejorando,0.445,0.585,0.842,1.45
149258762,Urbania,LINCE,150116,Avenida Juan Pardo de Zela al 600,S/n,340000.0,92.0,3695.7,2,2,0,0.0,1,7352.0,676384.0,0.497,0.275,mejorando,0.445,0.585,0.842,1.45
149483258,Urbania,LINCE,150116,Av. Arequipa 1736,Lince,345000.0,86.0,4011.6,2,1,0,150.0,1,7352.0,632272.0,0.454,0.275,mejorando,0.445,0.585,0.842,1.45
149303740,Urbania,LINCE,150116,"Jr. Belisario Flores - Limite Jesus Maria, A UN Paso DE UPC Y Hosp. Rebagliati - Vista Panoramica",Lince,357000.0,52.0,6865.4,2,2,0,250.0,1,7352.0,382304.0,0.066,0.275,mejorando,0.445,0.585,0.842,1.45
144738293,Urbania,LINCE,150116,"Av Petit Thouars N° 17xx, Dpto. 306 AL 1506",Lince,369000.0,53.0,6962.3,2,2,0,0.0,1,7352.0,389656.0,0.053,0.275,mejorando,0.445,0.585,0.842,1.45
149775897,Urbania,LINCE,150116,Geranios 310  - Depa 1hab A 2 Cdras del Centro Financiero San Isidro. Limite con Lince,Lince,396000.0,44.0,9000.0,1,1,0,200.0,10,7352.0,323488.0,-0.224,0.275,mejorando,0.445,0.585,0.842,1.45
147547855,Urbania,LINCE,150116,Prolongación Iquitos al 1500,Lince,401000.0,74.0,5418.9,3,2,1,250.0,1,7352.0,544048.0,0.263,0.275,mejorando,0.445,0.585,0.842,1.45
149086287,Urbania,LINCE,150116,Pezet y Monel al 2100,Lince,417500.0,86.0,4854.7,3,1,0,120.0,10,7352.0,632272.0,0.34,0.275,mejorando,0.445,0.585,0.842,1.45
149635268,Urbania,LINCE,150116,Jirón Bartolomé Herrera,Lince,430000.0,65.0,6615.4,3,2,0,180.0,1,7352.0,477880.0,0.1,0.275,mejorando,0.445,0.585,0.842,1.45
149802441,Urbania,LINCE,150116,AV Iquitos 1570,Lince,434700.0,75.0,5796.0,3,2,1,0.0,1,7352.0,551400.0,0.212,0.275,mejorando,0.445,0.585,0.842,1.45
148662435,Urbania,LINCE,150116,Risso,Risso,437500.0,83.0,5271.1,3,3,0,150.0,1,7352.0,610216.0,0.283,0.275,mejorando,0.445,0.585,0.842,1.45
149702226,Urbania,LINCE,150116,Av. Arenales 1475,Lince,439000.0,71.0,6183.1,3,2,1,280.0,1,7352.0,521992.0,0.159,0.275,mejorando,0.445,0.585,0.842,1.45
147450699,Urbania,LINCE,150116,Calle FRANCISCO DE ZELA N° 2047,Lince,443750.0,86.0,5159.9,3,1,0,150.0,1,7352.0,632272.0,0.298,0.275,mejorando,0.445,0.585,0.842,1.45
146718777,Urbania,LINCE,150116,jr manuel candamo 820,Lince,445000.0,65.0,6846.2,3,2,1,250.0,1,7352.0,477880.0,0.069,0.275,mejorando,0.445,0.585,0.842,1.45
149003496,Urbania,LINCE,150116,Alberto Alexander  al 2200,Lince,484029.0,80.0,6050.4,3,2,0,0.0,1,7352.0,588160.0,0.177,0.275,mejorando,0.445,0.585,0.842,1.45
149622849,Urbania,LINCE,150116,Jirón General José María Córdova 2233,Lince,507500.0,111.0,4572.1,3,1,0,150.0,1,7352.0,816072.0,0.378,0.275,mejorando,0.445,0.585,0.842,1.45
149447526,Urbania,LINCE,150116,Jirón Pedro Conde 169,Lince,514000.0,58.0,8862.1,2,2,1,350.0,1,7352.0,426416.0,-0.205,0.275,mejorando,0.445,0.585,0.842,1.45
148896348,Urbania,LINCE,150116,"Av César Vallejo al 1400 | 2 Dormitorios, gas Natural, Límite con San Isidro",Lince,515000.0,65.0,7923.1,2,2,0,0.0,1,7352.0,477880.0,-0.078,0.275,mejorando,0.445,0.585,0.842,1.45
148932180,Urbania,LINCE,150116,Capac Yupanqui,Capacyupanqui,519250.0,78.0,6657.1,2,2,1,450.0,1,7352.0,573456.0,0.095,0.275,mejorando,0.445,0.585,0.842,1.45
149001608,Urbania,LINCE,150116,Jirón Pedro Conde 178,Lince,519900.0,64.0,8123.4,2,2,0,240.0,10,7352.0,470528.0,-0.105,0.275,mejorando,0.445,0.585,0.842,1.45
149695835,Urbania,LINCE,150116,Av. César Vallejo,Lince,553000.0,64.0,8640.6,2,2,1,300.0,1,7352.0,470528.0,-0.175,0.275,mejorando,0.445,0.585,0.842,1.45
149501834,Urbania,LINCE,150116,Jr. Coronel Domingo Casanova 568,Lince,569925.0,72.0,7915.6,3,2,0,0.0,1,7352.0,529344.0,-0.077,0.275,mejorando,0.445,0.585,0.842,1.45
149652610,Urbania,LINCE,150116,Joaquin Bernal al 1000,S/n,586000.0,79.0,7417.7,3,2,0,250.0,10,7352.0,580808.0,-0.009,0.275,mejorando,0.445,0.585,0.842,1.45
149871581,Urbania,LINCE,150116,Av. Salaverry,Lince,618000.0,77.0,8026.0,3,2,1,300.0,1,7352.0,566104.0,-0.092,0.275,mejorando,0.445,0.585,0.842,1.45
146437238,Urbania,LINCE,150116,Avenida César Vallejo  lince,Lobaton,647500.0,157.0,4124.2,2,2,1,300.0,1,7352.0,1154264.0,0.439,0.275,mejorando,0.445,0.585,0.842,1.45
148201229,Urbania,LINCE,150116,Av. Joaquín Bernal,Lince,715000.0,85.0,8411.8,2,2,1,0.0,1,7352.0,624920.0,-0.144,0.275,mejorando,0.445,0.585,0.842,1.45
148449611,Urbania,LINCE,150116,"Jirón Risso N° 6xx, Dpto. 802",Lince,718106.0,107.0,6711.3,2,3,1,0.0,1,7352.0,786664.0,0.087,0.275,mejorando,0.445,0.585,0.842,1.45
4590993,Urbania,LINCE,150116,Calle Juan Bielovucich Cavalier,Lince,746250.0,130.0,5740.4,3,2,1,300.0,1,7352.0,955760.0,0.219,0.275,mejorando,0.445,0.585,0.842,1.45
149293862,Urbania,LINCE,150116,Almirante Manuel Villavicencio,Lince,890000.0,231.0,3852.8,3,3,1,350.0,1,7352.0,1698312.0,0.476,0.275,mejorando,0.445,0.585,0.842,1.45
147019701,Urbania,LINCE,150116,Parque Castilla,Lince,962000.0,96.0,10020.8,3,2,1,300.0,1,7352.0,705792.0,-0.363,0.275,mejorando,0.445,0.585,0.842,1.45
149104623,Urbania,LOS OLIVOS,150117,Calle Godofredo Garcia  al 624,Panamericana Norte,138000.0,51.0,2705.9,1,1,0,0.0,1,3284.0,167484.0,0.176,0.34,mejorando,0.328,0.494,0.758,7.88
149760763,Urbania,LOS OLIVOS,150117,Calle 48,Los Olivos,144800.0,77.0,1880.5,2,2,0,0.0,1,3284.0,252868.0,0.427,0.34,mejorando,0.328,0.494,0.758,7.88
148984571,Urbania,LOS OLIVOS,150117,Calle La Prudencia Mz.tt5 - Lt.32,Pro,145000.0,52.0,2788.5,2,1,0,0.0,1,3284.0,170768.0,0.151,0.34,mejorando,0.328,0.494,0.758,7.88
149820246,Urbania,LOS OLIVOS,150117,Miguel Ortiz 635,Los Olivos,174000.0,69.0,2521.7,2,1,1,0.0,1,3284.0,226596.0,0.232,0.34,mejorando,0.328,0.494,0.758,7.88
146217068,Urbania,LOS OLIVOS,150117,"La Caridad 520, Los Olivos 15307",Los Olivos,182500.0,59.0,3093.2,1,1,0,0.0,1,3284.0,193756.0,0.058,0.34,mejorando,0.328,0.494,0.758,7.88
149514498,Urbania,LOS OLIVOS,150117,JR. SANTOS ATAHUALPA 870 DPTO. 4XX,Los Olivos,204000.0,67.0,3044.8,2,1,0,0.0,1,3284.0,220028.0,0.073,0.34,mejorando,0.328,0.494,0.758,7.88
149628834,Urbania,LOS OLIVOS,150117,Calle 4 EL Naranjal LOS Olivos,Los Olivos,216000.0,80.0,2700.0,3,2,0,0.0,10,3284.0,262720.0,0.178,0.34,mejorando,0.328,0.494,0.758,7.88
148777768,Urbania,LOS OLIVOS,150117,El Amargon 4055,Covida,221000.0,67.0,3298.5,2,1,0,0.0,1,3284.0,220028.0,-0.004,0.34,mejorando,0.328,0.494,0.758,7.88
149592489,Urbania,LOS OLIVOS,150117,Calle Cajay URB LOS Naranjos LOS Olivos,Los Olivos,233100.0,75.0,3108.0,3,3,0,0.0,1,3284.0,246300.0,0.054,0.34,mejorando,0.328,0.494,0.758,7.88
149572677,Urbania,LOS OLIVOS,150117,Jaime Bausate y Meza con Av Los Alisos,Previ,234260.0,83.0,2822.4,2,1,0,0.0,1,3284.0,272572.0,0.141,0.34,mejorando,0.328,0.494,0.758,7.88
149412639,Urbania,LOS OLIVOS,150117,Av. Los Alisos,Previ,258650.0,89.0,2906.2,3,1,0,0.0,10,3284.0,292276.0,0.115,0.34,mejorando,0.328,0.494,0.758,7.88
148882487,Urbania,LOS OLIVOS,150117,Santo Tomás,Los Olivos,268000.0,97.0,2762.9,3,1,0,0.0,1,3284.0,318548.0,0.159,0.34,mejorando,0.328,0.494,0.758,7.88
148945703,Urbania,LOS OLIVOS,150117,Jr. el Cuarzo 1,Los Olivos,284750.0,108.0,2636.6,4,2,0,0.0,1,3284.0,354672.0,0.197,0.34,mejorando,0.328,0.494,0.758,7.88
148426241,Urbania,LOS OLIVOS,150117,Alfredo Mendiola  al 6821,Los Olivos,294946.0,74.0,3985.8,3,2,2,160.0,10,3284.0,243016.0,-0.214,0.34,mejorando,0.328,0.494,0.758,7.88
149432458,Urbania,LOS OLIVOS,150117,Jiron Catac 633,Los Olivos,311500.0,104.0,2995.2,3,1,0,0.0,1,3284.0,341536.0,0.088,0.34,mejorando,0.328,0.494,0.758,7.88
149179508,Urbania,LOS OLIVOS,150117,Urbanización Villa Sol - II Etapa,Los Olivos,320850.0,96.0,3342.2,3,2,0,0.0,1,3284.0,315264.0,-0.018,0.34,mejorando,0.328,0.494,0.758,7.88
149607908,Urbania,LOS OLIVOS,150117,La Unidad,Los Olivos,324558.0,84.0,3863.8,3,2,0,0.0,1,3284.0,275856.0,-0.177,0.34,mejorando,0.328,0.494,0.758,7.88
147269581,Urbania,LOS OLIVOS,150117,CALLE CHACAS 999,Covida,397000.0,90.0,4411.1,3,2,1,0.0,1,3284.0,295560.0,-0.343,0.34,mejorando,0.328,0.494,0.758,7.88
144355562,Urbania,LOS OLIVOS,150117,JIRON GUANDU 3839,Las Palmeras,418000.0,102.0,4098.0,3,2,3,200.0,1,3284.0,334968.0,-0.248,0.34,mejorando,0.328,0.494,0.758,7.88
149261468,Urbania,LOS OLIVOS,150117,"Calle Fidelidad – Urb. Pro, Los Olivos",Pro,419000.0,116.0,3612.1,3,2,1,0.0,1,3284.0,380944.0,-0.1,0.34,mejorando,0.328,0.494,0.758,7.88
91052408,Urbania,LOS OLIVOS,150117,calle fidelidad,Pro,429000.0,118.0,3635.6,3,3,0,70.0,1,3284.0,387512.0,-0.107,0.34,mejorando,0.328,0.494,0.758,7.88
149874524,Urbania,LOS OLIVOS,150117,Manuel DE Lara 364,Villa Sol,443750.0,91.0,4876.4,2,1,1,0.0,1,3284.0,298844.0,-0.485,0.34,mejorando,0.328,0.494,0.758,7.88
149640979,Urbania,LOS OLIVOS,150117,Jr. Huarmey 1381,Covida,445900.0,98.0,4550.0,2,1,0,0.0,1,3284.0,321832.0,-0.386,0.34,mejorando,0.328,0.494,0.758,7.88
149161004,Urbania,LOS OLIVOS,150117,La Caridad 45,Pro Etapa Iv,510000.0,160.0,3187.5,3,3,0,0.0,1,3284.0,525440.0,0.029,0.34,mejorando,0.328,0.494,0.758,7.88
149671367,Urbania,LOS OLIVOS,150117,Urb. Villa los Ángeles Izaguirre los Olivos,Villa Los Angeles,552000.0,116.0,4758.6,5,3,0,0.0,1,3284.0,380944.0,-0.449,0.34,mejorando,0.328,0.494,0.758,7.88
149765637,Urbania,LOS OLIVOS,150117,Jirón José Santos Atahualpa 563,Los Olivos,666900.0,177.0,3767.8,3,2,1,0.0,1,3284.0,581268.0,-0.147,0.34,mejorando,0.328,0.494,0.758,7.88
149777816,Urbania,MAGDALENA DEL MAR,150120,Av. Juan de Aliaga  al 600,Orrantia Del Mar,782000.0,152.0,5144.7,3,2,1,400.0,1,7358.0,1118416.0,0.301,0.149,mejorando,0.559,0.705,0.834,0.78
149428572,Urbania,MAGDALENA DEL MAR,150120,Malecon Bernales 195,Magdalena,1313500.0,150.0,8756.7,3,2,2,540.0,1,7358.0,1103700.0,-0.19,0.149,mejorando,0.559,0.705,0.834,0.78
149862934,Urbania,MIRAFLORES,150122,Av. Paseo de la República  a 1 Cuadra de Av. Reducto y Cerca a Parque,Miraflores,424000.0,41.0,10341.5,1,1,0,0.0,1,7748.0,317668.0,-0.335,0.697,mejorando,0.642,0.473,0.833,0.09
145641401,Urbania,MIRAFLORES,150122,Av. Paseo de la República 5,Miraflores,424253.0,42.0,10101.3,1,1,0,200.0,1,7748.0,325416.0,-0.304,0.697,mejorando,0.642,0.473,0.833,0.09
149534120,Urbania,MIRAFLORES,150122,Av. Paseo de la República Paralela con Av. Reducto,Miraflores,465681.0,40.0,11642.0,1,1,0,225.0,1,7748.0,309920.0,-0.503,0.697,mejorando,0.642,0.473,0.833,0.09
149474239,Urbania,MIRAFLORES,150122,Calle Vidal 140 - Dpto 1104,Miraflores,520000.0,66.0,7878.8,1,2,0,300.0,1,7748.0,511368.0,-0.017,0.697,mejorando,0.642,0.473,0.833,0.09
149341915,Urbania,MIRAFLORES,150122,Calle Vidal  - Dpto Ss04,Miraflores,545000.0,78.0,6987.2,1,2,0,250.0,1,7748.0,604344.0,0.098,0.697,mejorando,0.642,0.473,0.833,0.09
149276465,Urbania,MIRAFLORES,150122,Av General Mendiburu,Miraflores,574000.0,71.0,8084.5,2,2,1,350.0,1,7748.0,550108.0,-0.043,0.697,mejorando,0.642,0.473,0.833,0.09
149540527,Urbania,MIRAFLORES,150122,Larco al 600,Miraflores,578000.0,102.0,5666.7,2,2,0,400.0,1,7748.0,790296.0,0.269,0.697,mejorando,0.642,0.473,0.833,0.09
149608547,Urbania,MIRAFLORES,150122,A Pasos del Club  Las Terrazas y Av. Larco,Miraflores,614000.0,65.0,9446.2,2,2,1,0.0,1,7748.0,503620.0,-0.219,0.697,mejorando,0.642,0.473,0.833,0.09
149759070,Urbania,MIRAFLORES,150122,Calle Grimaldo del Solar,Leuro,654500.0,68.0,9625.0,2,2,1,275.0,10,7748.0,526864.0,-0.242,0.697,mejorando,0.642,0.473,0.833,0.09
147855190,Urbania,MIRAFLORES,150122,Av José Pardo 674,Miraflores,662670.0,116.0,5712.7,2,3,1,370.0,1,7748.0,898768.0,0.263,0.697,mejorando,0.642,0.473,0.833,0.09
147364492,Urbania,MIRAFLORES,150122,AV EJERCITO,Miraflores,707000.0,83.0,8518.1,3,2,0,0.0,10,7748.0,643084.0,-0.099,0.697,mejorando,0.642,0.473,0.833,0.09
149718000,Urbania,MIRAFLORES,150122,Calle Enrique Palacios 600,Miraflores,752000.0,130.0,5784.6,2,2,1,450.0,1,7748.0,1007240.0,0.253,0.697,mejorando,0.642,0.473,0.833,0.09
149777729,Urbania,MIRAFLORES,150122,"Oswaldo Hercelles Cdra 1, Límite con Aurora - Miraflroes",Barrio Medico,778000.0,107.0,7271.0,3,2,1,500.0,1,7748.0,829036.0,0.062,0.697,mejorando,0.642,0.473,0.833,0.09
149579622,Urbania,MIRAFLORES,150122,Calle Porta,Miraflores,837900.0,81.0,10344.4,2,2,0,0.0,1,7748.0,627588.0,-0.335,0.697,mejorando,0.642,0.473,0.833,0.09
145910522,Urbania,MIRAFLORES,150122,La Mar 1050 Miraflores,Miraflores,843200.0,87.0,9692.0,3,2,1,0.0,1,7748.0,674076.0,-0.251,0.697,mejorando,0.642,0.473,0.833,0.09
149794141,Urbania,MIRAFLORES,150122,Avenida José Pardo 1078,Miraflores,923400.0,200.0,4617.0,2,1,0,320.0,10,7748.0,1549600.0,0.404,0.697,mejorando,0.642,0.473,0.833,0.09
149541857,Urbania,MIRAFLORES,150122,Calle Francisco de Paula Ugarriza 271,San Antonio,985000.0,145.0,6793.1,3,3,2,692.0,10,7748.0,1123460.0,0.123,0.697,mejorando,0.642,0.473,0.833,0.09
147674303,Urbania,MIRAFLORES,150122,"Ca. José Gonzales 463, Miraflores  al 15000",Miraflores,989801.0,170.0,5822.4,3,2,1,0.0,1,7748.0,1317160.0,0.249,0.697,mejorando,0.642,0.473,0.833,0.09
90530739,Urbania,MIRAFLORES,150122,LORD NELSON 300,Miraflores,1020000.0,144.0,7083.3,2,3,2,800.0,1,7748.0,1115712.0,0.086,0.697,mejorando,0.642,0.473,0.833,0.09
142916567,Urbania,MIRAFLORES,150122,Calle Mariscal Sucre 321,Miraflores,1032000.0,151.0,6834.4,3,2,1,0.0,1,7748.0,1169948.0,0.118,0.697,mejorando,0.642,0.473,0.833,0.09
149904045,Urbania,MIRAFLORES,150122,Calle Jorge Vanderghen 438,Santa Cruz,1122000.0,125.0,8976.0,2,2,2,0.0,1,7748.0,968500.0,-0.158,0.697,mejorando,0.642,0.473,0.833,0.09
148144312,Urbania,MIRAFLORES,150122,AV. DE LA AVIACION N°565,Miraflores,1431500.0,135.0,10603.7,3,2,1,700.0,1,7748.0,1045980.0,-0.369,0.697,mejorando,0.642,0.473,0.833,0.09
149431141,Urbania,MIRAFLORES,150122,"Avenida Jose Pardo 1, Piso 3, Miraflores",Santa Cruz,1507500.0,175.0,8614.3,3,3,2,0.0,1,7748.0,1355900.0,-0.112,0.697,mejorando,0.642,0.473,0.833,0.09
149791089,Urbania,MIRAFLORES,150122,Calle Manco Cápac al 500,Miraflores,1621500.0,272.0,5961.4,3,3,2,1400.0,1,7748.0,2107456.0,0.231,0.697,mejorando,0.642,0.473,0.833,0.09
149085521,Urbania,MIRAFLORES,150122,Malecón 28 de Julio,Miraflores,1883618.0,295.0,6385.1,5,5,2,0.0,10,7748.0,2285660.0,0.176,0.697,mejorando,0.642,0.473,0.833,0.09
149871049,Urbania,MIRAFLORES,150122,Tupac Amaru,Miraflores,1914000.0,264.0,7250.0,3,3,2,0.0,1,7748.0,2045472.0,0.064,0.697,mejorando,0.642,0.473,0.833,0.09
4412841,Urbania,MIRAFLORES,150122,Parque Villena,Santa Cruz,2170800.0,303.0,7164.4,4,4,2,1200.0,1,7748.0,2347644.0,0.075,0.697,mejorando,0.642,0.473,0.833,0.09
148711313,Urbania,MIRAFLORES,150122,"Malecón Pedro de Osma 1, Piso 3, Barranco",Malecon Reserva,2747000.0,286.0,9604.9,3,4,3,0.0,1,7748.0,2215928.0,-0.24,0.697,mejorando,0.642,0.473,0.833,0.09
147671640,Urbania,MIRAFLORES,150122,Avenida Angamos,Miraflores,3024000.0,261.0,11586.2,4,4,2,1500.0,1,7748.0,2022228.0,-0.495,0.697,mejorando,0.642,0.473,0.833,0.09
149483177,Urbania,PUEBLO LIBRE,150121,Virrey Manuel M. De Guirior Cdra 10 - Dpto DE 2 Habs  Pueblo Libre,Pueblo Libre,262200.0,44.0,5959.1,2,1,0,100.0,1,6248.0,274912.0,0.046,0.238,empeorando,0.602,0.682,0.834,0.78
149033752,Urbania,PUEBLO LIBRE,150121,Avenida Manuel Cipriano Dulanto 2047,Pueblo Libre,272500.0,42.0,6488.1,1,1,0,117.0,1,6248.0,262416.0,-0.038,0.238,empeorando,0.602,0.682,0.834,0.78
149251256,Urbania,PUEBLO LIBRE,150121,Av. la Marina 440,Pueblo Libre,300000.0,49.0,6122.4,2,1,0,220.0,1,6248.0,306152.0,0.02,0.238,empeorando,0.602,0.682,0.834,0.78
148460604,Urbania,PUEBLO LIBRE,150121,Calle Parque Ruiz Olivier Número 30 Interior 7,Circolo,313500.0,70.0,4478.6,2,1,0,1.0,1,6248.0,437360.0,0.283,0.238,empeorando,0.602,0.682,0.834,0.78
147789509,Urbania,PUEBLO LIBRE,150121,Santiago Wagner,Pueblo Libre,358985.0,63.0,5698.2,1,1,1,0.0,10,6248.0,393624.0,0.088,0.238,empeorando,0.602,0.682,0.834,0.78
149638162,Urbania,PUEBLO LIBRE,150121,Sta. Lucia 171,Pueblo Libre,376200.0,79.0,4762.0,3,1,0,0.0,1,6248.0,493592.0,0.238,0.238,empeorando,0.602,0.682,0.834,0.78
149830826,Urbania,PUEBLO LIBRE,150121,Jr. Clovis al 600,Pueblo Libre,381200.0,57.0,6687.7,2,2,0,0.0,1,6248.0,356136.0,-0.07,0.238,empeorando,0.602,0.682,0.834,0.78
148984529,Urbania,PUEBLO LIBRE,150121,Av. Brasil 2790,Pueblo Libre,385000.0,59.0,6525.4,2,2,0,0.0,1,6248.0,368632.0,-0.044,0.238,empeorando,0.602,0.682,0.834,0.78
148639194,Urbania,PUEBLO LIBRE,150121,Jaime Herrera,Pueblo Libre,386075.0,50.0,7721.5,2,2,1,0.0,1,6248.0,312400.0,-0.236,0.238,empeorando,0.602,0.682,0.834,0.78
148538028,Urbania,PUEBLO LIBRE,150121,Av. Brasil  al 2790 - Dpto1606,Pueblo Libre,399000.0,68.0,5867.6,2,2,0,0.0,1,6248.0,424864.0,0.061,0.238,empeorando,0.602,0.682,0.834,0.78
144714351,Urbania,PUEBLO LIBRE,150121,"Av Manuel Cipriano Dulanto N° 2xx, Dpto.x02, X05, X09, X10 B",Pueblo Libre,403400.0,64.0,6303.1,1,2,0,0.0,1,6248.0,399872.0,-0.009,0.238,empeorando,0.602,0.682,0.834,0.78
148896038,Urbania,PUEBLO LIBRE,150121,Pueblo Libre,Pueblo Libre,403768.0,64.0,6308.9,2,1,0,0.0,1,6248.0,399872.0,-0.01,0.238,empeorando,0.602,0.682,0.834,0.78
144382572,Urbania,PUEBLO LIBRE,150121,pueblo libre,Isla Verde,424736.0,66.0,6435.4,2,2,1,0.0,1,6248.0,412368.0,-0.03,0.238,empeorando,0.602,0.682,0.834,0.78
149582073,Urbania,PUEBLO LIBRE,150121,Jirón General José Ramón Pizarro 460,San Bernardo,433500.0,79.0,5487.3,3,2,0,250.0,1,6248.0,493592.0,0.122,0.238,empeorando,0.602,0.682,0.834,0.78
148883863,Urbania,PUEBLO LIBRE,150121,Jr. José Manuel Ugarteche,Pueblo Libre,450000.0,69.0,6521.7,3,2,0,0.0,1,6248.0,431112.0,-0.044,0.238,empeorando,0.602,0.682,0.834,0.78
145733177,Urbania,PUEBLO LIBRE,150121,Av Sucre 1301,Mariscal Antonio Jose De Sucre,457000.0,74.0,6175.7,3,2,0,150.0,1,6248.0,462352.0,0.012,0.238,empeorando,0.602,0.682,0.834,0.78
148450865,Urbania,PUEBLO LIBRE,150121,Av Jaime Herrera Ardiles  Pueblo Libre,Pueblo Libre,469024.0,70.0,6700.3,3,2,0,0.0,1,6248.0,437360.0,-0.072,0.238,empeorando,0.602,0.682,0.834,0.78
149721521,Urbania,PUEBLO LIBRE,150121,Av. Manuel Cipriano Dulanto,Pueblo Libre,478800.0,85.0,5632.9,3,2,1,380.0,1,6248.0,531080.0,0.098,0.238,empeorando,0.602,0.682,0.834,0.78
149365001,Urbania,PUEBLO LIBRE,150121,Av. Simón Bolívar 528,Pueblo Libre,479000.0,78.0,6141.0,3,2,1,250.0,1,6248.0,487344.0,0.017,0.238,empeorando,0.602,0.682,0.834,0.78
148479980,Urbania,PUEBLO LIBRE,150121,Av. Sucre Pueblo Libre 13,Mariscal Antonio Jose De Sucre,480498.0,81.0,5932.1,3,3,0,0.0,1,6248.0,506088.0,0.051,0.238,empeorando,0.602,0.682,0.834,0.78
149289951,Urbania,PUEBLO LIBRE,150121,Avenida Mariano H. Cornejo,La Esperanza,486310.0,82.0,5930.6,3,2,0,0.0,10,6248.0,512336.0,0.051,0.238,empeorando,0.602,0.682,0.834,0.78
149644737,Urbania,PUEBLO LIBRE,150121,Avenida Bolivar  al 1000,Pueblo Libre,492250.0,73.0,6743.2,3,2,1,0.0,1,6248.0,456104.0,-0.079,0.238,empeorando,0.602,0.682,0.834,0.78
149231882,Urbania,PUEBLO LIBRE,150121,Pueblo Libre,Pueblo Libre,516284.0,74.0,6976.8,3,2,0,0.0,1,6248.0,462352.0,-0.117,0.238,empeorando,0.602,0.682,0.834,0.78
147260186,Urbania,PUEBLO LIBRE,150121,Parque Enrique Leon Garcia,Pueblo Libre,520000.0,85.0,6117.6,3,2,0,300.0,1,6248.0,531080.0,0.021,0.238,empeorando,0.602,0.682,0.834,0.78
149740796,Urbania,PUEBLO LIBRE,150121,Maipu 648 650,Pueblo Libre,525000.0,85.0,6176.5,3,2,1,180.0,1,6248.0,531080.0,0.011,0.238,empeorando,0.602,0.682,0.834,0.78
149028400,Urbania,PUEBLO LIBRE,150121,Calle Isla San Lorenzo,Pueblo Libre,560000.0,82.0,6829.3,3,2,0,0.0,1,6248.0,512336.0,-0.093,0.238,empeorando,0.602,0.682,0.834,0.78
149264563,Urbania,PUEBLO LIBRE,150121,JR. Abraham Valdelomar  735,Pueblo Libre,567000.0,93.0,6096.8,3,2,0,0.0,1,6248.0,581064.0,0.024,0.238,empeorando,0.602,0.682,0.834,0.78
149273566,Urbania,PUEBLO LIBRE,150121,Jr. Río Huaura – Pueblo Libre,Pueblo Libre,570000.0,78.0,7307.7,3,2,1,0.0,1,6248.0,487344.0,-0.17,0.238,empeorando,0.602,0.682,0.834,0.78
142507635,Urbania,PUEBLO LIBRE,150121,Sucre,Pueblo Libre,573500.0,110.0,5213.6,5,5,1,0.0,1,6248.0,687280.0,0.166,0.238,empeorando,0.602,0.682,0.834,0.78
149038916,Urbania,PUEBLO LIBRE,150121,Jirón Rio de Janeiro,Pueblo Libre,630289.0,74.0,8517.4,3,2,0,0.0,1,6248.0,462352.0,-0.363,0.238,empeorando,0.602,0.682,0.834,0.78
149151824,Urbania,PUEBLO LIBRE,150121,Jiron Nicolas Alcazar  al 600,Pueblo Libre,638400.0,127.0,5026.8,4,2,0,0.0,1,6248.0,793496.0,0.195,0.238,empeorando,0.602,0.682,0.834,0.78
149430449,Urbania,PUEBLO LIBRE,150121,Morelos 256,Pueblo Libre,884940.0,184.0,4809.5,4,3,0,0.0,1,6248.0,1149632.0,0.23,0.238,empeorando,0.602,0.682,0.834,0.78
147856770,Urbania,PUEBLO LIBRE,150121,Parque Bahía 150,Pueblo Libre,990000.0,150.0,6600.0,3,3,1,0.0,1,6248.0,937200.0,-0.056,0.238,empeorando,0.602,0.682,0.834,0.78
149825530,Urbania,SAN BORJA,150130,Avenida Velasco Astete,Mariscal Ramon Castilla,414000.0,63.0,6571.4,2,1,1,250.0,1,6331.0,398853.0,-0.038,0.337,estable,0.373,0.518,0.824,0.46
148842091,Urbania,SAN BORJA,150130,Av. Aviación,San Borja,495000.0,124.0,3991.9,3,2,0,110.0,1,6331.0,785044.0,0.369,0.337,estable,0.373,0.518,0.824,0.46
146004544,Urbania,SAN BORJA,150130,Pissarro,San Borja,496800.0,85.0,5844.7,2,2,0,120.0,1,6331.0,538135.0,0.077,0.337,estable,0.373,0.518,0.824,0.46
147569954,Urbania,SAN BORJA,150130,Jiron 10 324,San Borja,560000.0,121.0,4628.1,3,2,1,300.0,1,6331.0,766051.0,0.269,0.337,estable,0.373,0.518,0.824,0.46
66465995,Urbania,SAN BORJA,150130,Avenida Boulevard de Surco,Chacarilla,578000.0,116.0,4982.8,3,3,1,0.0,10,6331.0,734396.0,0.213,0.337,estable,0.373,0.518,0.824,0.46
149232684,Urbania,SAN BORJA,150130,Gaetano Donizetti 245,San Borja,643000.0,160.0,4018.8,3,3,0,150.0,1,6331.0,1012960.0,0.365,0.337,estable,0.373,0.518,0.824,0.46
149640070,Urbania,SAN BORJA,150130,Jirón Isaac Albeniz 373,Las Magnolias,682500.0,93.0,7338.7,4,3,1,275.0,1,6331.0,588783.0,-0.159,0.337,estable,0.373,0.518,0.824,0.46
149219210,Urbania,SAN BORJA,150130,Jr. 2,Monterrico Norte,699000.0,108.0,6472.2,2,2,1,0.0,1,6331.0,683748.0,-0.022,0.337,estable,0.373,0.518,0.824,0.46
148609289,Urbania,SAN BORJA,150130,"Av. Galvez Barrenechea 947, San Borja",Corpac,726800.0,89.0,8166.3,3,3,0,0.0,1,6331.0,563459.0,-0.29,0.337,estable,0.373,0.518,0.824,0.46
149155985,Urbania,SAN BORJA,150130,Calle Toscanini al 100,Las Begonias,737760.0,90.0,8197.3,2,2,1,578.0,1,6331.0,569790.0,-0.295,0.337,estable,0.373,0.518,0.824,0.46
149905137,Urbania,SAN BORJA,150130,"Calle Poussin 100, Piso 4 Jacarandá, SAN Borja",San Borja,750000.0,92.0,8152.2,3,2,1,320.0,1,6331.0,582452.0,-0.288,0.337,estable,0.373,0.518,0.824,0.46
149255508,Urbania,SAN BORJA,150130,san Borja Norte 12xx,San Borja,776250.0,107.0,7254.7,3,2,1,0.0,1,6331.0,677417.0,-0.146,0.337,estable,0.373,0.518,0.824,0.46
149192265,Urbania,SAN BORJA,150130,Av. del Parque Sur 564,San Borja Sur,850000.0,144.0,5902.8,3,2,2,450.0,10,6331.0,911664.0,0.068,0.337,estable,0.373,0.518,0.824,0.46
148109383,Urbania,SAN BORJA,150130,Avenida San Borja Norte al 600,San Borja,877200.0,118.0,7433.9,3,2,1,450.0,1,6331.0,747058.0,-0.174,0.337,estable,0.373,0.518,0.824,0.46
149861884,Urbania,SAN BORJA,150130,Av. San Luis 2692,Las Magnolias,880000.0,140.0,6285.7,4,3,1,450.0,1,6331.0,886340.0,0.007,0.337,estable,0.373,0.518,0.824,0.46
149850515,Urbania,SAN BORJA,150130,LOPEZ DE AYALA 1350,San Borja,900000.0,240.0,3750.0,5,4,2,350.0,1,6331.0,1519440.0,0.408,0.337,estable,0.373,0.518,0.824,0.46
149129917,Urbania,SAN BORJA,150130,AV. Buena Vista,San Borja,951825.0,120.0,7931.9,3,3,1,0.0,1,6331.0,759720.0,-0.253,0.337,estable,0.373,0.518,0.824,0.46
65679102,Urbania,SAN BORJA,150130,Portinari 198,San Borja Norte,962000.0,181.0,5314.9,3,3,1,130.0,1,6331.0,1145911.0,0.16,0.337,estable,0.373,0.518,0.824,0.46
148921819,Urbania,SAN BORJA,150130,"Calle LOS Recuerdos, Urb. Chacarilla",Chacarilla,980000.0,126.0,7777.8,2,3,2,600.0,1,6331.0,797706.0,-0.229,0.337,estable,0.373,0.518,0.824,0.46
148324134,Urbania,SAN BORJA,150130,Jr. 24 Piso 3 San Borja - VTA,San Borja,986000.0,200.0,4930.0,4,3,2,0.0,1,6331.0,1266200.0,0.221,0.337,estable,0.373,0.518,0.824,0.46
148210427,Urbania,SAN BORJA,150130,"Calle Mayorazgo 1, Chacarilla del Estanque, San Borja",Chacarilla Del Estanque,1038500.0,200.0,5192.5,4,4,2,0.0,1,6331.0,1266200.0,0.18,0.337,estable,0.373,0.518,0.824,0.46
146599026,Urbania,SAN BORJA,150130,JR MAYORAZGO CHACARILLA DEL ESTANQUE  SAN BORJA  DUPLEX 200M2  3 HAB  4 BAÑOS  1 ESTAC.,San Borja,1044700.0,200.0,5223.5,3,4,1,1.0,1,6331.0,1266200.0,0.175,0.337,estable,0.373,0.518,0.824,0.46
149193809,Urbania,SAN BORJA,150130,Av. del Parque Sur,Corpac,1075440.0,234.0,4595.9,4,3,1,0.0,1,6331.0,1481454.0,0.274,0.337,estable,0.373,0.518,0.824,0.46
146870308,Urbania,SAN BORJA,150130,AV VELASCO ASTTEETE 955,San Borja,1190000.0,254.0,4685.0,4,3,2,680.0,1,6331.0,1608074.0,0.26,0.337,estable,0.373,0.518,0.824,0.46
147623566,Urbania,SAN BORJA,150130,av san borja sur,San Borja Sur,1210550.0,235.0,5151.3,4,4,2,400.0,1,6331.0,1487785.0,0.186,0.337,estable,0.373,0.518,0.824,0.46
146673360,Urbania,SAN BORJA,150130,SAN BORJA NORTE,San Borja,1246000.0,183.0,6808.7,3,3,2,400.0,10,6331.0,1158573.0,-0.075,0.337,estable,0.373,0.518,0.824,0.46
148479863,Urbania,SAN BORJA,150130,calle melissa,Chacarilla,1259250.0,200.0,6296.2,3,3,2,0.0,1,6331.0,1266200.0,0.005,0.337,estable,0.373,0.518,0.824,0.46
149314984,Urbania,SAN BORJA,150130,Calle TIÉPOLO 121 - 1º PISO,San Borja,1260000.0,223.0,5650.2,3,2,2,50.0,1,6331.0,1411813.0,0.108,0.337,estable,0.373,0.518,0.824,0.46
149079101,Urbania,SAN BORJA,150130,Las Garzas,Chacarilla Del Estanque,1275000.0,185.0,6891.9,3,4,2,750.0,1,6331.0,1171235.0,-0.089,0.337,estable,0.373,0.518,0.824,0.46
149520354,Urbania,SAN BORJA,150130,AV. DEL Parque SUR al 600,San Borja Sur,1356000.0,270.0,5022.2,5,6,2,600.0,1,6331.0,1709370.0,0.207,0.337,estable,0.373,0.518,0.824,0.46
144545375,Urbania,SAN BORJA,150130,avenida boulevard,San Borja,1444000.0,180.0,8022.2,3,4,2,800.0,10,6331.0,1139580.0,-0.267,0.337,estable,0.373,0.518,0.824,0.46
148242535,Urbania,SAN BORJA,150130,HERMANO LOBO 200,Chacarilla Del Estanque,1600000.0,182.0,8791.2,3,3,2,550.0,1,6331.0,1152242.0,-0.389,0.337,estable,0.373,0.518,0.824,0.46
149245992,Urbania,SAN BORJA,150130,Vendo Departamento Primer Piso/ Estreno/ Chacarilla SAN Borja,Chacarilla Del Estanque,1739500.0,254.0,6848.4,3,3,2,0.0,1,6331.0,1608074.0,-0.082,0.337,estable,0.373,0.518,0.824,0.46
149826887,Urbania,SAN BORJA,150130,"Av, Del Pinar 324 Dpto, 202 Chacarilla",San Borja,1893240.0,224.0,8452.0,3,3,2,0.0,1,6331.0,1418144.0,-0.335,0.337,estable,0.373,0.518,0.824,0.46
149168406,Urbania,SAN BORJA,150130,Jr Galeon 195 San borja,Chacarilla Del Estanque,2559160.0,253.0,10115.3,3,5,2,0.0,1,6331.0,1601743.0,-0.598,0.337,estable,0.373,0.518,0.824,0.46
144620217,Urbania,SAN BORJA,150130,Velasco Astete 700,San Borja,2656800.0,340.0,7814.1,5,6,4,1100.0,1,6331.0,2152540.0,-0.234,0.337,estable,0.373,0.518,0.824,0.46
149584772,Urbania,SAN ISIDRO,150131,Av. Dos de Mayo,Country Club,360000.0,52.0,6923.1,1,1,0,200.0,1,8118.0,422136.0,0.147,0.51,mejorando,0.425,0.458,0.789,0.06
142918302,Urbania,SAN ISIDRO,150131,Las Palmeras,San Isidro,366047.0,40.0,9151.2,1,1,1,0.0,1,8118.0,324720.0,-0.127,0.51,mejorando,0.425,0.458,0.789,0.06
149501461,Urbania,SAN ISIDRO,150131,"Av. Arequipa  3235, Piso 5 | Edificio The Classic Edifica | Ideal Para Inversión",El Olivar,615000.0,62.0,9919.4,2,2,1,320.0,10,8118.0,503316.0,-0.222,0.51,mejorando,0.425,0.458,0.789,0.06
149904402,Urbania,SAN ISIDRO,150131,"AV. Salaverry, Orrantia DEL MAR SAN Isidro",San Isidro,647000.0,65.0,9953.8,2,2,1,350.0,1,8118.0,527670.0,-0.226,0.51,mejorando,0.425,0.458,0.789,0.06
149887993,Urbania,SAN ISIDRO,150131,Av. Alberto del Campo al 488,San Isidro,680000.0,104.0,6538.5,3,2,1,350.0,1,8118.0,844272.0,0.195,0.51,mejorando,0.425,0.458,0.789,0.06
147753121,Urbania,SAN ISIDRO,150131,Manuel Gonzales la Rosa y Roque de Bergallo,San Isidro,700000.0,120.0,5833.3,3,2,0,250.0,1,8118.0,974160.0,0.281,0.51,mejorando,0.425,0.458,0.789,0.06
146199180,Urbania,SAN ISIDRO,150131,"Avenida Rivera Navarrete 5, Piso 5, San Isidro",San Isidro,737000.0,65.0,11338.5,2,2,1,300.0,10,8118.0,527670.0,-0.397,0.51,mejorando,0.425,0.458,0.789,0.06
148972112,Urbania,SAN ISIDRO,150131,Av. Dos de Mayo,San Isidro,971500.0,152.0,6391.4,3,2,2,690.0,1,8118.0,1233936.0,0.213,0.51,mejorando,0.425,0.458,0.789,0.06
149907950,Urbania,SAN ISIDRO,150131,Av. dos Mayo Entre la Cuadra 16 y 17 de Javier Prado Oeste,San Isidro,982600.0,151.0,6507.3,3,2,2,690.0,1,8118.0,1225818.0,0.198,0.51,mejorando,0.425,0.458,0.789,0.06
149561732,Urbania,SAN ISIDRO,150131,Av José Gálvez Barrenechea,San Isidro,1050000.0,152.0,6907.9,3,2,2,400.0,1,8118.0,1233936.0,0.149,0.51,mejorando,0.425,0.458,0.789,0.06
149666049,Urbania,SAN ISIDRO,150131,Urb. Orrantia al 100,Orrantia,1134250.0,120.0,9452.1,2,2,0,800.0,1,8118.0,974160.0,-0.164,0.51,mejorando,0.425,0.458,0.789,0.06
149316093,Urbania,SAN ISIDRO,150131,Av. del Parque Nte.,San Isidro,1166000.0,160.0,7287.5,3,2,2,570.0,1,8118.0,1298880.0,0.102,0.51,mejorando,0.425,0.458,0.789,0.06
148840828,Urbania,SAN ISIDRO,150131,"Calle Los Ficus N 3, San Isidro",San Isidro,1169150.0,528.0,2214.3,4,4,2,0.0,1,8118.0,4286304.0,0.727,0.51,mejorando,0.425,0.458,0.789,0.06
148825162,Urbania,SAN ISIDRO,150131,Dirección no informada,San Isidro,1331150.0,167.0,7971.0,3,3,2,450.0,1,8118.0,1355706.0,0.018,0.51,mejorando,0.425,0.458,0.789,0.06
149693558,Urbania,SAN ISIDRO,150131,Blas Cerdeña 4,Santa Teresita,1342050.0,137.0,9796.0,3,2,2,1200.0,1,8118.0,1112166.0,-0.207,0.51,mejorando,0.425,0.458,0.789,0.06
147794697,Urbania,SAN ISIDRO,150131,"Octavio Espinosa Cdra 1 Pisos 3, 4 y 5",San Isidro,1445000.0,242.0,5971.1,3,3,2,1450.0,1,8118.0,1964556.0,0.264,0.51,mejorando,0.425,0.458,0.789,0.06
146262471,Urbania,SAN ISIDRO,150131,Salaverry Cdra 33 Piso 2,San Isidro,1461500.0,173.0,8448.0,2,2,2,550.0,1,8118.0,1404414.0,-0.041,0.51,mejorando,0.425,0.458,0.789,0.06
149415351,Urbania,SAN ISIDRO,150131,Los Pinos 322,San Isidro,1475760.0,324.0,4554.8,3,3,2,0.0,1,8118.0,2630232.0,0.439,0.51,mejorando,0.425,0.458,0.789,0.06
149037647,Urbania,SAN ISIDRO,150131,"Terraza Gigante y Patio Grande.  3 Habitaiciones, Cuarto de Juegos Edificio con Piscina y Gym.",San Isidro,1553000.0,258.0,6019.4,3,2,2,0.0,1,8118.0,2094444.0,0.259,0.51,mejorando,0.425,0.458,0.789,0.06
146683940,Urbania,SAN ISIDRO,150131,los nogales,San Isidro,1587750.0,184.0,8629.1,2,2,2,1400.0,1,8118.0,1493712.0,-0.063,0.51,mejorando,0.425,0.458,0.789,0.06
149461762,Urbania,SAN ISIDRO,150131,"Av. Jorge Basadre  al 1000- Departamento en 1er Piso con  2 Terraza, a Pasos del Golf",San Isidro,1674890.0,286.0,5856.3,2,2,3,1000.0,1,8118.0,2321748.0,0.279,0.51,mejorando,0.425,0.458,0.789,0.06
148571591,Urbania,SAN ISIDRO,150131,Avenida Dos de Mayo al 1400,Country Club,1713000.0,206.0,8315.5,3,2,2,0.0,1,8118.0,1672308.0,-0.024,0.51,mejorando,0.425,0.458,0.789,0.06
148528566,Urbania,SAN ISIDRO,150131,Calle Teniente Alberto Chabrier,Golf,1714650.0,185.0,9268.4,3,3,2,0.0,1,8118.0,1501830.0,-0.142,0.51,mejorando,0.425,0.458,0.789,0.06
149159229,Urbania,SAN ISIDRO,150131,Parque Norte 685 Corpac San Isidro al 600,San Isidro,1950000.0,250.0,7800.0,3,5,0,0.0,1,8118.0,2029500.0,0.039,0.51,mejorando,0.425,0.458,0.789,0.06
146721528,Urbania,SAN ISIDRO,150131,frente al parque Hurtado Abadia,San Isidro,2046000.0,281.0,7281.1,3,2,2,1600.0,1,8118.0,2281158.0,0.103,0.51,mejorando,0.425,0.458,0.789,0.06
149746162,Urbania,SAN ISIDRO,150131,Av. Aurelio Miró Quesada,San Isidro,2652000.0,260.0,10200.0,2,4,2,1166.0,1,8118.0,2110680.0,-0.256,0.51,mejorando,0.425,0.458,0.789,0.06
149518186,Urbania,SAN ISIDRO,150131,"Pezet CON Vista Directa AL Golf. Impecable. 3 Dormitorios, 2 Cocheras Edificio A1",San Isidro,3194100.0,258.0,12380.2,3,4,2,900.0,1,8118.0,2094444.0,-0.525,0.51,mejorando,0.425,0.458,0.789,0.06
149864734,Urbania,SAN ISIDRO,150131,muy cerca al Golf,Golf,4036500.0,500.0,8073.0,5,5,3,1450.0,1,8118.0,4059000.0,0.006,0.51,mejorando,0.425,0.458,0.789,0.06
142706000,Urbania,SAN ISIDRO,150131,Angamos Oeste,San Isidro,4300800.0,378.0,11377.8,4,3,6,0.0,1,8118.0,3068604.0,-0.402,0.51,mejorando,0.425,0.458,0.789,0.06
149590034,Urbania,SAN JUAN DE LURIGANCHO,150132,Av. Malecón Checa,Zarate,201341.0,78.0,2581.3,2,1,0,0.0,1,2965.0,231270.0,0.129,0.272,mejorando,0.164,0.446,0.701,17.7
149789388,Urbania,SAN JUAN DE LURIGANCHO,150132,Centro de Salud Mangomarca,San Juan de Lurigancho,210000.0,68.0,3088.2,2,2,0,0.0,1,2965.0,201620.0,-0.042,0.272,mejorando,0.164,0.446,0.701,17.7
148064958,Urbania,SAN JUAN DE LURIGANCHO,150132,Las Flores,San Juan de Lurigancho,236240.0,120.0,1968.7,1,1,0,0.0,1,2965.0,355800.0,0.336,0.272,mejorando,0.164,0.446,0.701,17.7
149341048,Urbania,SAN JUAN DE LURIGANCHO,150132,Jirón el Rosario 470,Canto Grande,271800.0,86.0,3160.5,3,2,0,0.0,1,2965.0,254990.0,-0.066,0.272,mejorando,0.164,0.446,0.701,17.7
149722047,Urbania,SAN JUAN DE LURIGANCHO,150132,Sillustani 2315,Mangomarca,293500.0,80.0,3668.8,2,2,0,0.0,1,2965.0,237200.0,-0.237,0.272,mejorando,0.164,0.446,0.701,17.7
148064963,Urbania,SAN JUAN DE LURIGANCHO,150132,LAS Flores,San Juan de Lurigancho,311400.0,120.0,2595.0,2,2,0,0.0,1,2965.0,355800.0,0.125,0.272,mejorando,0.164,0.446,0.701,17.7
147694490,Urbania,SAN JUAN DE LURIGANCHO,150132,Jirón Las Calendulas 538,Las Flores,355000.0,138.0,2572.5,4,1,0,0.0,10,2965.0,409170.0,0.132,0.272,mejorando,0.164,0.446,0.701,17.7
149371779,Urbania,SAN JUAN DE LURIGANCHO,150132,Luis     9.9.9.6.1.7.7.8.8,Zarate,362730.0,128.0,2833.8,3,1,0,0.0,1,2965.0,379520.0,0.044,0.272,mejorando,0.164,0.446,0.701,17.7
149689150,Urbania,SAN JUAN DE LURIGANCHO,150132,Coop la Fragata,La Fragata,404400.0,210.0,1925.7,4,3,0,0.0,1,2965.0,622650.0,0.351,0.272,mejorando,0.164,0.446,0.701,17.7
149443899,Urbania,SAN JUAN DE LURIGANCHO,150132,Akapana 1169,Mangomarca,407000.0,127.0,3204.7,2,2,0,0.0,1,2965.0,376555.0,-0.081,0.272,mejorando,0.164,0.446,0.701,17.7
147476596,Urbania,SAN JUAN DE LURIGANCHO,150132,Puruchuco 632,Mangomarca,424800.0,125.0,3398.4,3,2,0,0.0,1,2965.0,370625.0,-0.146,0.272,mejorando,0.164,0.446,0.701,17.7
149534331,Urbania,SAN JUAN DE LURIGANCHO,150132,Papiros 367 Urb,San Silvestre,425080.0,105.0,4048.4,3,2,0,0.0,10,2965.0,311325.0,-0.365,0.272,mejorando,0.164,0.446,0.701,17.7
143123598,Urbania,SAN JUAN DE LURIGANCHO,150132,Calle Roma Mz M2 Lote 03 Urb. Horacio Zevallos San Juan de Lurigancho,San Juan de Lurigancho,662000.0,200.0,3310.0,3,2,2,0.0,1,2965.0,593000.0,-0.116,0.272,mejorando,0.164,0.446,0.701,17.7
149086701,Urbania,SAN MARTIN DE PORRES,150135,Quiñones 503,Zarumilla,142147.0,41.0,3467.0,2,1,0,0.0,1,2773.0,113693.0,-0.25,0.192,mejorando,0.593,0.7,0.742,10.34
147787672,Urbania,SAN MARTIN DE PORRES,150135,"Mateo Aguilar 264, San Martín de Porres",San Martín de Porres,161100.0,50.0,3222.0,2,1,0,0.0,10,2773.0,138650.0,-0.162,0.192,mejorando,0.593,0.7,0.742,10.34
147503674,Urbania,SAN MARTIN DE PORRES,150135,AV Lima 4121,San Martín de Porres,166500.0,66.0,2522.7,2,2,0,0.0,1,2773.0,183018.0,0.09,0.192,mejorando,0.593,0.7,0.742,10.34
148661789,Urbania,SAN MARTIN DE PORRES,150135,Magno Fernandez Moreano,San Martín de Porres,175000.0,105.0,1666.7,4,2,0,0.0,1,2773.0,291165.0,0.399,0.192,mejorando,0.593,0.7,0.742,10.34
147787676,Urbania,SAN MARTIN DE PORRES,150135,"Jr. Moquegua Cuadra 37, San Martín de Porres",San Martín de Porres,178500.0,73.0,2445.2,3,1,0,0.0,1,2773.0,202429.0,0.118,0.192,mejorando,0.593,0.7,0.742,10.34
147650531,Urbania,SAN MARTIN DE PORRES,150135,"Venta Departamento Cerca del Mercado Caquetá, 2 Dormitorios, 4 Piso sin Ascensor, no Condominio",San Martín de Porres,192600.0,56.0,3439.3,2,1,0,50.0,1,2773.0,155288.0,-0.24,0.192,mejorando,0.593,0.7,0.742,10.34
149052936,Urbania,SAN MARTIN DE PORRES,150135,Jiron Pedro Paulet,Ingenieria,210000.0,81.0,2592.6,3,2,0,0.0,1,2773.0,224613.0,0.065,0.192,mejorando,0.593,0.7,0.742,10.34
4675547,Urbania,SAN MARTIN DE PORRES,150135,Parque Cabo linares,Vipol De Naranjal,213000.0,101.0,2108.9,4,2,0,0.0,10,2773.0,280073.0,0.239,0.192,mejorando,0.593,0.7,0.742,10.34
149219443,Urbania,SAN MARTIN DE PORRES,150135,Urb. San Germán Jirón Julio Delgado,San Martín de Porres,218000.0,74.0,2945.9,3,1,0,0.0,1,2773.0,205202.0,-0.062,0.192,mejorando,0.593,0.7,0.742,10.34
147449997,Urbania,SAN MARTIN DE PORRES,150135,"AV. 12 DE Octubre, SMP",San Martín de Porres,250000.0,82.0,3048.8,3,2,0,0.0,1,2773.0,227386.0,-0.099,0.192,mejorando,0.593,0.7,0.742,10.34
149803432,Urbania,SAN MARTIN DE PORRES,150135,Ampliación Los Portales de Chavín – 4ta Etapa - Mz D - Lote 13,Ampliacion Los Portales De Chavin Et.4,251850.0,66.0,3815.9,2,1,0,0.0,1,2773.0,183018.0,-0.376,0.192,mejorando,0.593,0.7,0.742,10.34
147185884,Urbania,SAN MARTIN DE PORRES,150135,Urb. Huerto Azul Mz. C Lote 10 Ref. Calle Los Jazmines con el Sol de Naranjal 10,San Martín de Porres,272000.0,117.0,2324.8,3,2,0,0.0,1,2773.0,324441.0,0.162,0.192,mejorando,0.593,0.7,0.742,10.34
149448186,Urbania,SAN MARTIN DE PORRES,150135,Agustín Gamarra 3310,San Martín de Porres,277500.0,95.0,2921.1,3,2,0,0.0,1,2773.0,263435.0,-0.053,0.192,mejorando,0.593,0.7,0.742,10.34
148906747,Urbania,SAN MARTIN DE PORRES,150135,Pasaje Huari,San Martín de Porres,293000.0,123.0,2382.1,4,2,0,0.0,10,2773.0,341079.0,0.141,0.192,mejorando,0.593,0.7,0.742,10.34
148819439,Urbania,SAN MARTIN DE PORRES,150135,"Av. Carlos Izaguirre 808, San Martín de Porres 15109",San Martín de Porres,295000.0,94.0,3138.3,3,2,0,0.0,1,2773.0,260662.0,-0.132,0.192,mejorando,0.593,0.7,0.742,10.34
148440747,Urbania,SAN MARTIN DE PORRES,150135,Jiron Elias Aguirre,San Martín de Porres,309120.0,105.0,2944.0,3,2,1,0.0,1,2773.0,291165.0,-0.062,0.192,mejorando,0.593,0.7,0.742,10.34
148318324,Urbania,SAN MARTIN DE PORRES,150135,Santa Carmela 218,Palao,484300.0,200.0,2421.5,3,2,1,0.0,1,2773.0,554600.0,0.127,0.192,mejorando,0.593,0.7,0.742,10.34
147022579,Urbania,SAN MARTIN DE PORRES,150135,AV. ALFREDO MENDIOLA 1576,Fiori,493000.0,179.0,2754.2,4,2,0,0.0,1,2773.0,496367.0,0.007,0.192,mejorando,0.593,0.7,0.742,10.34
149724431,Urbania,SAN MIGUEL,150136,Pacamarca,Maranga,240000.0,40.0,6000.0,1,1,0,100.0,1,5853.0,234120.0,-0.025,0.194,mejorando,0.533,0.67,0.822,1.58
147860018,Urbania,SAN MIGUEL,150136,Av. Andrés Rázuri 206,San Miguel,246587.0,33.0,7472.3,1,1,0,0.0,1,5853.0,193149.0,-0.277,0.194,mejorando,0.533,0.67,0.822,1.58
148190753,Urbania,SAN MIGUEL,150136,Coronel Inclan 177,Miramar,266000.0,67.0,3970.1,2,2,0,140.0,1,5853.0,392151.0,0.322,0.194,mejorando,0.533,0.67,0.822,1.58
149866302,Urbania,SAN MIGUEL,150136,Jirón Arica,San Miguel,275760.0,36.0,7660.0,3,2,0,0.0,1,5853.0,210708.0,-0.309,0.194,mejorando,0.533,0.67,0.822,1.58
148319485,Urbania,SAN MIGUEL,150136,JR. Nicolas DE Pierola SAN Miguel,San Miguel,304200.0,70.0,4345.7,3,2,0,80.0,1,5853.0,409710.0,0.258,0.194,mejorando,0.533,0.67,0.822,1.58
145340778,Urbania,SAN MIGUEL,150136,"Av. Precursores, San Miguel",San Miguel,308000.0,83.0,3710.8,3,1,0,0.0,1,5853.0,485799.0,0.366,0.194,mejorando,0.533,0.67,0.822,1.58
149421365,Urbania,SAN MIGUEL,150136,Talambo,San Miguel,312000.0,64.0,4875.0,2,1,1,0.0,1,5853.0,374592.0,0.167,0.194,mejorando,0.533,0.67,0.822,1.58
144211777,Urbania,SAN MIGUEL,150136,"Av LA PAZ N° 8xx, Dpto. 304 AL 704 A",San Miguel,320870.0,57.0,5629.3,2,2,1,0.0,1,5853.0,333621.0,0.038,0.194,mejorando,0.533,0.67,0.822,1.58
149716348,Urbania,SAN MIGUEL,150136,Conjunto Habitacional Julio C. Tello,San Miguel,332500.0,87.0,3821.8,3,2,1,80.0,1,5853.0,509211.0,0.347,0.194,mejorando,0.533,0.67,0.822,1.58
149100547,Urbania,SAN MIGUEL,150136,Avenida Costanera,San Miguel,340000.0,78.0,4359.0,3,2,0,280.0,1,5853.0,456534.0,0.255,0.194,mejorando,0.533,0.67,0.822,1.58
148883803,Urbania,SAN MIGUEL,150136,Av. La Paz 2127,San Miguel,351415.0,61.0,5760.9,3,2,1,0.0,1,5853.0,357033.0,0.016,0.194,mejorando,0.533,0.67,0.822,1.58
147440411,Urbania,SAN MIGUEL,150136,av la paz 1150,San Miguel,358000.0,58.0,6172.4,2,2,0,180.0,1,5853.0,339474.0,-0.055,0.194,mejorando,0.533,0.67,0.822,1.58
148837861,Urbania,SAN MIGUEL,150136,Calle Mercedes Gallagher al 300,San Miguel,362000.0,58.0,6241.4,2,2,0,300.0,1,5853.0,339474.0,-0.066,0.194,mejorando,0.533,0.67,0.822,1.58
143259421,Urbania,SAN MIGUEL,150136,"Jr. Mariscal Ramón Castilla 740, San Miguel",San Miguel,370000.0,54.0,6851.9,2,2,0,0.0,1,5853.0,316062.0,-0.171,0.194,mejorando,0.533,0.67,0.822,1.58
147791934,Urbania,SAN MIGUEL,150136,Calle Carmenca san Miguel Lima,Maranga,378000.0,62.0,6096.8,2,1,0,350.0,1,5853.0,362886.0,-0.042,0.194,mejorando,0.533,0.67,0.822,1.58
147791669,Urbania,SAN MIGUEL,150136,AV Andres Razuri 357 SAN Miguel,Maranga,380000.0,72.0,5277.8,3,2,0,100.0,1,5853.0,421416.0,0.098,0.194,mejorando,0.533,0.67,0.822,1.58
149085828,Urbania,SAN MIGUEL,150136,Av. Costanera - Departamento en Venta Planos - Ideal Para Inversionistas!!,San Miguel,384300.0,61.0,6300.0,3,2,1,190.0,1,5853.0,357033.0,-0.076,0.194,mejorando,0.533,0.67,0.822,1.58
147503642,Urbania,SAN MIGUEL,150136,Pasaje Venus 197,San Miguel,393750.0,90.0,4375.0,3,2,0,0.0,10,5853.0,526770.0,0.253,0.194,mejorando,0.533,0.67,0.822,1.58
146876075,Urbania,SAN MIGUEL,150136,JIRÓN SIMON BOLIVAR SAN MIGUEL,San Miguel,402000.0,74.0,5432.4,2,2,0,240.0,1,5853.0,433122.0,0.072,0.194,mejorando,0.533,0.67,0.822,1.58
142959133,Urbania,SAN MIGUEL,150136,JIRON HERMANOS CATARI 254 SAN MIGUEL,Maranga Etapa Ii,412500.0,78.0,5288.5,3,2,1,0.0,1,5853.0,456534.0,0.096,0.194,mejorando,0.533,0.67,0.822,1.58
149862592,Urbania,SAN MIGUEL,150136,Jiron Hernando de Magallanes,San Miguel,415350.0,73.0,5689.7,3,2,1,0.0,1,5853.0,427269.0,0.028,0.194,mejorando,0.533,0.67,0.822,1.58
148662578,Urbania,SAN MIGUEL,150136,CUADRA 6 DE UNIVERSITARIA,San Miguel,416200.0,66.0,6306.1,3,2,0,0.0,1,5853.0,386298.0,-0.077,0.194,mejorando,0.533,0.67,0.822,1.58
149003800,Urbania,SAN MIGUEL,150136,Calle Diego Quispe Tito  al 100,San Miguel,418250.0,95.0,4402.6,3,2,0,0.0,1,5853.0,556035.0,0.248,0.194,mejorando,0.533,0.67,0.822,1.58
148786247,Urbania,SAN MIGUEL,150136,Av. Bertolotto 250,San Miguel,434200.0,84.0,5169.0,3,2,0,0.0,1,5853.0,491652.0,0.117,0.194,mejorando,0.533,0.67,0.822,1.58
149791328,Urbania,SAN MIGUEL,150136,De los Precursores al 800,San Miguel,444000.0,67.0,6626.9,3,2,1,0.0,1,5853.0,392151.0,-0.132,0.194,mejorando,0.533,0.67,0.822,1.58
149830707,Urbania,SAN MIGUEL,150136,"AV Arica 275, SAN Miguel / Dpto 405",San Miguel,445000.0,63.0,7063.5,2,2,0,200.0,1,5853.0,368739.0,-0.207,0.194,mejorando,0.533,0.67,0.822,1.58
149701807,Urbania,SAN MIGUEL,150136,Calle Francisca Zubiaga  372,San Miguel,472500.0,82.0,5762.2,3,2,0,0.0,1,5853.0,479946.0,0.016,0.194,mejorando,0.533,0.67,0.822,1.58
149661438,Urbania,SAN MIGUEL,150136,Bertolotto 752,San Miguel,474217.0,76.0,6239.7,2,2,0,200.0,1,5853.0,444828.0,-0.066,0.194,mejorando,0.533,0.67,0.822,1.58
149848031,Urbania,SAN MIGUEL,150136,C. Carlos Gonzales Candamo 251,San Miguel,475380.0,83.0,5727.5,3,2,0,300.0,1,5853.0,485799.0,0.021,0.194,mejorando,0.533,0.67,0.822,1.58
146116575,Urbania,SAN MIGUEL,150136,"Cal. 1 (uno) S/N - Esquina con la Av. Costanera Cdra. 4 - Urb, San Miguel",San Miguel,522222.0,62.0,8422.9,1,2,0,0.0,10,5853.0,362886.0,-0.439,0.194,mejorando,0.533,0.67,0.822,1.58
147488200,Urbania,SAN MIGUEL,150136,"Mario Valdivia 140, Lima  al 15000",San Miguel,531129.0,82.0,6477.2,3,2,0,0.0,1,5853.0,479946.0,-0.107,0.194,mejorando,0.533,0.67,0.822,1.58
149310439,Urbania,SAN MIGUEL,150136,Av. Bertolloto,San Miguel,541058.0,71.0,7620.5,3,2,1,0.0,1,5853.0,415563.0,-0.302,0.194,mejorando,0.533,0.67,0.822,1.58
149802534,Urbania,SAN MIGUEL,150136,Av. Bertolotto 980,Miramar,550000.0,128.0,4296.9,2,3,0,0.0,1,5853.0,749184.0,0.266,0.194,mejorando,0.533,0.67,0.822,1.58
149346202,Urbania,SAN MIGUEL,150136,Calle Pedrerias 135,San Miguel,551000.0,114.0,4833.3,3,2,0,280.0,1,5853.0,667242.0,0.174,0.194,mejorando,0.533,0.67,0.822,1.58
148002269,Urbania,SAN MIGUEL,150136,Jr. Mariscal Ramón Castilla  al 600,Pablo Vi,561000.0,102.0,5500.0,3,2,0,0.0,1,5853.0,597006.0,0.06,0.194,mejorando,0.533,0.67,0.822,1.58
149298549,Urbania,SAN MIGUEL,150136,Avenida Bertolotto 270,San Miguel,572000.0,100.0,5720.0,3,2,0,400.0,1,5853.0,585300.0,0.023,0.194,mejorando,0.533,0.67,0.822,1.58
149511557,Urbania,SAN MIGUEL,150136,Av. Tacna,San Miguel,655000.0,103.0,6359.2,3,2,0,0.0,1,5853.0,602859.0,-0.086,0.194,mejorando,0.533,0.67,0.822,1.58
4675402,Urbania,SAN MIGUEL,150136,av costanera 300,Miramar,724500.0,113.0,6411.5,3,3,1,300.0,1,5853.0,661389.0,-0.095,0.194,mejorando,0.533,0.67,0.822,1.58
149582374,Urbania,SAN MIGUEL,150136,Jr. Mariscal Ramón Castilla 740,San Miguel,800000.0,111.0,7207.2,3,2,0,350.0,1,5853.0,649683.0,-0.231,0.194,mejorando,0.533,0.67,0.822,1.58
148932745,Urbania,SAN MIGUEL,150136,Umachiri 296,San Miguel,1032500.0,189.0,5463.0,4,3,0,0.0,1,5853.0,1106217.0,0.067,0.194,mejorando,0.533,0.67,0.822,1.58
149324095,Urbania,SANTIAGO DE SURCO,150140,Calle Doña Delmira  al 400,Los Rosales,291550.0,62.0,4702.4,2,1,0,70.0,1,5606.0,347572.0,0.161,0.326,mejorando,0.382,0.528,0.802,1.23
149791092,Urbania,SANTIAGO DE SURCO,150140,Calle 6  al 100,Santiago de Surco,335000.0,75.0,4466.7,3,2,0,215.0,1,5606.0,420450.0,0.203,0.326,mejorando,0.382,0.528,0.802,1.23
149042276,Urbania,SANTIAGO DE SURCO,150140,Se Vende Departamento en Jr. Maximiliano Velarde - Surco - Lima_bc-1006-1 / 01295,Santiago de Surco,359200.0,123.0,2920.3,3,2,0,0.0,1,5606.0,689538.0,0.479,0.326,mejorando,0.382,0.528,0.802,1.23
149404894,Urbania,SANTIAGO DE SURCO,150140,"Departamento Semi Amoblado en Venta, Surco Límite con Chorrillos",Santiago de Surco,456300.0,84.0,5432.1,4,2,1,0.0,1,5606.0,470904.0,0.031,0.326,mejorando,0.382,0.528,0.802,1.23
147980872,Urbania,SANTIAGO DE SURCO,150140,"Avenida Monterrico Sur 1, Piso 4, Surco",Prolong. Benavides,595000.0,107.0,5560.7,4,2,1,0.0,1,5606.0,599842.0,0.008,0.326,mejorando,0.382,0.528,0.802,1.23
149106112,Urbania,SANTIAGO DE SURCO,150140,Calle Amancaes 297  psio 2 Casuarinas Sur Surco,Santiago de Surco,678000.0,135.0,5022.2,3,2,2,358.0,1,5606.0,756810.0,0.104,0.326,mejorando,0.382,0.528,0.802,1.23
148517378,Urbania,SANTIAGO DE SURCO,150140,el cascajal 162,Santiago de Surco,705000.0,151.0,4668.9,3,2,1,350.0,1,5606.0,846506.0,0.167,0.326,mejorando,0.382,0.528,0.802,1.23
149791096,Urbania,SANTIAGO DE SURCO,150140,Monte Claro al 100,Chacarilla Del Estanque,742500.0,133.0,5582.7,2,3,1,600.0,1,5606.0,745598.0,0.004,0.326,mejorando,0.382,0.528,0.802,1.23
149435023,Urbania,SANTIAGO DE SURCO,150140,"Monte Claro 129 con 133m2, 2 Dormitorios y 01 Cochera!",Chacarilla Del Estanque,774500.0,133.0,5823.3,2,3,1,0.0,1,5606.0,745598.0,-0.039,0.326,mejorando,0.382,0.528,0.802,1.23
149182441,Urbania,SANTIAGO DE SURCO,150140,Surco,Santiago de Surco,798000.0,90.0,8866.7,3,2,1,0.0,1,5606.0,504540.0,-0.582,0.326,mejorando,0.382,0.528,0.802,1.23
148995907,Urbania,SANTIAGO DE SURCO,150140,Castilla la Vieja 7,Santiago de Surco,822500.0,189.0,4351.9,3,2,1,350.0,1,5606.0,1059534.0,0.224,0.326,mejorando,0.382,0.528,0.802,1.23
149356332,Urbania,SANTIAGO DE SURCO,150140,JR LAS Cantutas  al 200,Casuarinas Sur,870000.0,205.0,4243.9,3,2,2,0.0,1,5606.0,1149230.0,0.243,0.326,mejorando,0.382,0.528,0.802,1.23
149454474,Urbania,SANTIAGO DE SURCO,150140,Santiago,Higuereta,914250.0,121.0,7555.8,3,2,2,0.0,10,5606.0,678326.0,-0.348,0.326,mejorando,0.382,0.528,0.802,1.23
148912675,Urbania,SANTIAGO DE SURCO,150140,Av. de los Precursores 575,Valle Hermoso Oeste,943880.0,134.0,7043.9,3,3,2,600.0,1,5606.0,751204.0,-0.256,0.326,mejorando,0.382,0.528,0.802,1.23
149206828,Urbania,SANTIAGO DE SURCO,150140,Calle las Campanillas  Casuarinas Surco,Las Casuarinas Alta,962500.0,164.0,5868.9,3,3,1,600.0,1,5606.0,919384.0,-0.047,0.326,mejorando,0.382,0.528,0.802,1.23
148281562,Urbania,SANTIAGO DE SURCO,150140,Ca. Batallon Tarma 315,Santiago de Surco,1079534.0,236.0,4574.3,4,2,2,585.0,1,5606.0,1323016.0,0.184,0.326,mejorando,0.382,0.528,0.802,1.23
146739831,Urbania,SANTIAGO DE SURCO,150140,Monte Real 141,Santiago de Surco,1088000.0,182.0,5978.0,3,4,2,900.0,1,5606.0,1020292.0,-0.066,0.326,mejorando,0.382,0.528,0.802,1.23
146683328,Urbania,SANTIAGO DE SURCO,150140,las laderas,Santiago de Surco,1176500.0,150.0,7843.3,2,2,2,300.0,1,5606.0,840900.0,-0.399,0.326,mejorando,0.382,0.528,0.802,1.23
149198056,Urbania,SANTIAGO DE SURCO,150140,Calle  Emancipacion,Santiago de Surco,1207000.0,208.0,5802.9,3,3,2,800.0,1,5606.0,1166048.0,-0.035,0.326,mejorando,0.382,0.528,0.802,1.23
148654543,Urbania,SANTIAGO DE SURCO,150140,"Valle Hermoso, Surco, Duplex 3 Dormitorios, Vista Externa, No Paga Alcabala",Valle Hermoso,1303680.0,306.0,4260.4,3,2,2,550.0,1,5606.0,1715436.0,0.24,0.326,mejorando,0.382,0.528,0.802,1.23
148569624,Urbania,SANTIAGO DE SURCO,150140,Pasaje Estepa Rusa 181,Santiago de Surco,1390250.0,283.0,4912.5,4,3,2,950.0,1,5606.0,1586498.0,0.124,0.326,mejorando,0.382,0.528,0.802,1.23
148545155,Urbania,SANTIAGO DE SURCO,150140,"Calle Via Lactea, Cerca a la Universidad de Lima, Surco",Santiago de Surco,1747200.0,400.0,4368.0,4,4,2,600.0,10,5606.0,2242400.0,0.221,0.326,mejorando,0.382,0.528,0.802,1.23
147989276,Urbania,SANTIAGO DE SURCO,150140,Av. Bielovucic Cavalier 1XX. Chacarilla San Borja,Chacarilla Del Estanque,2105000.0,324.0,6496.9,4,5,2,800.0,1,5606.0,1816344.0,-0.159,0.326,mejorando,0.382,0.528,0.802,1.23
149126210,Urbania,SURQUILLO,150141,Andrés Luna,La Calera,220000.0,35.0,6285.7,1,1,0,160.0,1,6566.0,229810.0,0.043,0.285,mejorando,0.648,0.682,0.817,2.75
147078155,Urbania,SURQUILLO,150141,Surquillo,Surquillo,232000.0,26.0,8923.1,1,1,0,0.0,1,6566.0,170716.0,-0.359,0.285,mejorando,0.648,0.682,0.817,2.75
149038118,Urbania,SURQUILLO,150141,Laurel Rosa,Los Sauces,274700.0,40.0,6867.5,1,1,0,0.0,1,6566.0,262640.0,-0.046,0.285,mejorando,0.648,0.682,0.817,2.75
4325305,Urbania,SURQUILLO,150141,"CALLE ARTURO DURAY, SEGUNDA CUADRA",Surquillo,282000.0,44.0,6409.1,2,1,1,150.0,1,6566.0,288904.0,0.024,0.285,mejorando,0.648,0.682,0.817,2.75
149112909,Urbania,SURQUILLO,150141,Narciso DE LA Colina  10,Surquillo,286450.0,56.0,5115.2,3,2,0,0.0,1,6566.0,367696.0,0.221,0.285,mejorando,0.648,0.682,0.817,2.75
148280459,Urbania,SURQUILLO,150141,Av. Tomás Marsano con Av. Guardia Civil,Surquillo,340000.0,41.0,8292.7,1,1,0,0.0,1,6566.0,269206.0,-0.263,0.285,mejorando,0.648,0.682,0.817,2.75
4559358,Urbania,SURQUILLO,150141,CALLE EL CEREZO N° 274,La Calera,350000.0,49.0,7142.9,2,2,1,0.0,1,6566.0,321734.0,-0.088,0.285,mejorando,0.648,0.682,0.817,2.75
146436708,Urbania,SURQUILLO,150141,Av. Tomas marsano 2175,Los Sauces,390000.0,45.0,8666.7,1,1,1,220.0,1,6566.0,295470.0,-0.32,0.285,mejorando,0.648,0.682,0.817,2.75
149814857,Urbania,SURQUILLO,150141,Avenida Tomas Marsano al 2200,Surquillo,410000.0,53.0,7735.8,2,2,1,270.0,1,6566.0,347998.0,-0.178,0.285,mejorando,0.648,0.682,0.817,2.75
149364541,Urbania,SURQUILLO,150141,Calle Los Faisanes 139,Surquillo,428750.0,90.0,4763.9,3,2,1,200.0,1,6566.0,590940.0,0.274,0.285,mejorando,0.648,0.682,0.817,2.75
147520426,Urbania,SURQUILLO,150141,La Calera,La Calera,445000.0,73.0,6095.9,3,2,0,0.0,1,6566.0,479318.0,0.072,0.285,mejorando,0.648,0.682,0.817,2.75
149448230,Urbania,SURQUILLO,150141,Av. República de Panamá 4071,Surquillo,455000.0,57.0,7982.5,2,2,0,0.0,1,6566.0,374262.0,-0.216,0.285,mejorando,0.648,0.682,0.817,2.75
149603588,Urbania,SURQUILLO,150141,Calle Montesquieu 300,La Calera De La Merced,455847.0,75.0,6078.0,2,1,1,200.0,1,6566.0,492450.0,0.074,0.285,mejorando,0.648,0.682,0.817,2.75
149053752,Urbania,SURQUILLO,150141,Av. República de Panamá  4075,Limatambo,465750.0,70.0,6653.6,3,2,1,200.0,1,6566.0,459620.0,-0.013,0.285,mejorando,0.648,0.682,0.817,2.75
149790971,Urbania,SURQUILLO,150141,Av. Domingo Orué 456,Surquillo,467100.0,74.0,6312.2,3,1,0,0.0,1,6566.0,485884.0,0.039,0.285,mejorando,0.648,0.682,0.817,2.75
149506681,Urbania,SURQUILLO,150141,Av. Tomás Marsano 2273,Surquillo,473000.0,71.0,6662.0,3,2,0,0.0,1,6566.0,466186.0,-0.015,0.285,mejorando,0.648,0.682,0.817,2.75
149760982,Urbania,SURQUILLO,150141,Av. Principal N° 925 Departamento 801,Surquillo,490000.0,85.0,5764.7,3,2,1,380.0,1,6566.0,558110.0,0.122,0.285,mejorando,0.648,0.682,0.817,2.75
149527560,Urbania,SURQUILLO,150141,"Av Tomas Marsano N° 26xx, Dpto. 201, 202",Surquillo,492000.0,69.0,7130.4,3,2,1,0.0,1,6566.0,453054.0,-0.086,0.285,mejorando,0.648,0.682,0.817,2.75
65351301,Urbania,SURQUILLO,150141,Las tiendas,Surquillo,510000.0,100.0,5100.0,2,2,0,85.0,1,6566.0,656600.0,0.223,0.285,mejorando,0.648,0.682,0.817,2.75
147791666,Urbania,SURQUILLO,150141,Calle Alfa Aguila 124,Surquillo,528500.0,78.0,6775.6,3,2,1,220.0,1,6566.0,512148.0,-0.032,0.285,mejorando,0.648,0.682,0.817,2.75
149817785,Urbania,SURQUILLO,150141,San Carlos 384,Surquillo,532650.0,109.0,4886.7,4,2,0,80.0,1,6566.0,715694.0,0.256,0.285,mejorando,0.648,0.682,0.817,2.75
4647711,Urbania,SURQUILLO,150141,Av. Sergio Bernales,Barrio Medico,535674.0,65.0,8241.1,3,2,1,0.0,1,6566.0,426790.0,-0.255,0.285,mejorando,0.648,0.682,0.817,2.75
149725040,Urbania,SURQUILLO,150141,"Juan Fuentes con Octavio Paz, Los Sauces, Surquillo",Surquillo,537275.0,68.0,7901.1,2,2,0,0.0,1,6566.0,446488.0,-0.203,0.285,mejorando,0.648,0.682,0.817,2.75
148695135,Urbania,SURQUILLO,150141,La Calera de la Merced,Surquillo,538000.0,100.0,5380.0,3,3,0,0.0,1,6566.0,656600.0,0.181,0.285,mejorando,0.648,0.682,0.817,2.75
149287217,Urbania,SURQUILLO,150141,Andres Aramburú 600,Surquillo,543000.0,58.0,9362.1,2,2,0,0.0,1,6566.0,380828.0,-0.426,0.285,mejorando,0.648,0.682,0.817,2.75
149262722,Urbania,SURQUILLO,150141,La Calera de la Merced,La Calera De La Merced,562200.0,88.0,6388.6,3,2,0,0.0,1,6566.0,577808.0,0.027,0.285,mejorando,0.648,0.682,0.817,2.75
148353141,Urbania,SURQUILLO,150141,"Av. Tomas Marsano, Surquillo",Surquillo,595084.0,75.0,7934.5,3,2,0,0.0,1,6566.0,492450.0,-0.208,0.285,mejorando,0.648,0.682,0.817,2.75
149339732,Urbania,SURQUILLO,150141,Avenida Principal,Surquillo,622800.0,89.0,6997.8,3,3,2,0.0,1,6566.0,584374.0,-0.066,0.285,mejorando,0.648,0.682,0.817,2.75
149173758,Urbania,SURQUILLO,150141,Av. Andrés Aramburú,Surquillo,745000.0,76.0,9802.6,3,2,1,0.0,1,6566.0,499016.0,-0.493,0.285,mejorando,0.648,0.682,0.817,2.75
149871247,Urbania,SURQUILLO,150141,Calle Ortega y Gasset 200,La Calera De La Merced,759000.0,128.0,5929.7,3,2,1,0.0,1,6566.0,840448.0,0.097,0.285,mejorando,0.648,0.682,0.817,2.75
149561147,Urbania,SURQUILLO,150141,Lola Pardo Vargas 045,Aurora Este,774077.0,150.0,5160.5,3,2,1,460.0,1,6566.0,984900.0,0.214,0.285,mejorando,0.648,0.682,0.817,2.75
149911208,Urbania,SURQUILLO,150141,La Calera de Monterrico,Surquillo,776250.0,134.0,5792.9,4,2,1,250.0,10,6566.0,879844.0,0.118,0.285,mejorando,0.648,0.682,0.817,2.75
148690274,Urbania,SURQUILLO,150141,Av. Valles del Sur,Capebco,804000.0,108.0,7444.4,3,2,0,400.0,1,6566.0,709128.0,-0.134,0.285,mejorando,0.648,0.682,0.817,2.75
4609765,Urbania,SURQUILLO,150141,Av. Sergio Bernales,Surquillo,957600.0,165.0,5803.6,3,3,2,420.0,1,6566.0,1083390.0,0.116,0.285,mejorando,0.648,0.682,0.817,2.75
149270766,Urbania,SURQUILLO,150141,Diderot 311,La Calera De La Merced,1005606.0,186.0,5406.5,4,5,2,350.0,1,6566.0,1221276.0,0.177,0.285,mejorando,0.648,0.682,0.817,2.75
