trimestre,serie,tipo,codigo_bcrp,valor
2018-T1,12 DISTRITOS (S/ corrientes/m2),agregado,PD37946PQ,5846.97
2018-T2,12 DISTRITOS (S/ corrientes/m2),agregado,PD37946PQ,5823.3
2018-T3,12 DISTRITOS (S/ corrientes/m2),agregado,PD37946PQ,5982.64
2018-T4,12 DISTRITOS (S/ corrientes/m2),agregado,PD37946PQ,6186.35
2019-T1,12 DISTRITOS (S/ corrientes/m2),agregado,PD37946PQ,6122.6
2019-T2,12 DISTRITOS (S/ corrientes/m2),agregado,PD37946PQ,6250.1
2019-T3,12 DISTRITOS (S/ corrientes/m2),agregado,PD37946PQ,6217.57
2019-T4,12 DISTRITOS (S/ corrientes/m2),agregado,PD37946PQ,6188.91
2020-T1,12 DISTRITOS (S/ corrientes/m2),agregado,PD37946PQ,6271.78
2020-T2,12 DISTRITOS (S/ corrientes/m2),agregado,PD37946PQ,6504.61
2020-T3,12 DISTRITOS (S/ corrientes/m2),agregado,PD37946PQ,6667.44
2020-T4,12 DISTRITOS (S/ corrientes/m2),agregado,PD37946PQ,6823.79
2021-T1,12 DISTRITOS (S/ corrientes/m2),agregado,PD37946PQ,6896.05
2021-T2,12 DISTRITOS (S/ corrientes/m2),agregado,PD37946PQ,7095.65
2021-T3,12 DISTRITOS (S/ corrientes/m2),agregado,PD37946PQ,7561.0
2021-T4,12 DISTRITOS (S/ corrientes/m2),agregado,PD37946PQ,7303.74
2022-T1,12 DISTRITOS (S/ corrientes/m2),agregado,PD37946PQ,6974.82
2022-T2,12 DISTRITOS (S/ corrientes/m2),agregado,PD37946PQ,7029.29
2022-T3,12 DISTRITOS (S/ corrientes/m2),agregado,PD37946PQ,7205.17
2022-T4,12 DISTRITOS (S/ corrientes/m2),agregado,PD37946PQ,7277.77
2023-T1,12 DISTRITOS (S/ corrientes/m2),agregado,PD37946PQ,6914.44
2023-T2,12 DISTRITOS (S/ corrientes/m2),agregado,PD37946PQ,6783.95
2023-T3,12 DISTRITOS (S/ corrientes/m2),agregado,PD37946PQ,6790.73
2023-T4,12 DISTRITOS (S/ corrientes/m2),agregado,PD37946PQ,7035.02
2024-T1,12 DISTRITOS (S/ corrientes/m2),agregado,PD37946PQ,6870.54
2024-T2,12 DISTRITOS (S/ corrientes/m2),agregado,PD37946PQ,6940.01
2024-T3,12 DISTRITOS (S/ corrientes/m2),agregado,PD37946PQ,6911.72
2024-T4,12 DISTRITOS (S/ corrientes/m2),agregado,PD37946PQ,6877.83
2025-T1,12 DISTRITOS (S/ corrientes/m2),agregado,PD37946PQ,6812.13
2025-T2,12 DISTRITOS (S/ corrientes/m2),agregado,PD37946PQ,6821.33
2025-T3,12 DISTRITOS (S/ corrientes/m2),agregado,PD37946PQ,6713.03
2025-T4,12 DISTRITOS (S/ corrientes/m2),agregado,PD37946PQ,6799.45
2026-T1,12 DISTRITOS (S/ corrientes/m2),agregado,PD37946PQ,6916.49
2018-T1,12 DISTRITOS (USD/m2),agregado,PD37944PQ,1805.47
2018-T2,12 DISTRITOS (USD/m2),agregado,PD37944PQ,1787.17
2018-T3,12 DISTRITOS (USD/m2),agregado,PD37944PQ,1817.33
2018-T4,12 DISTRITOS (USD/m2),agregado,PD37944PQ,1842.53
2019-T1,12 DISTRITOS (USD/m2),agregado,PD37944PQ,1842.3
2019-T2,12 DISTRITOS (USD/m2),agregado,PD37944PQ,1882.21
2019-T3,12 DISTRITOS (USD/m2),agregado,PD37944PQ,1860.6
2019-T4,12 DISTRITOS (USD/m2),agregado,PD37944PQ,1840.72
2020-T1,12 DISTRITOS (USD/m2),agregado,PD37944PQ,1843.0
2020-T2,12 DISTRITOS (USD/m2),agregado,PD37944PQ,1895.36
2020-T3,12 DISTRITOS (USD/m2),agregado,PD37944PQ,1880.73
2020-T4,12 DISTRITOS (USD/m2),agregado,PD37944PQ,1893.0
2021-T1,12 DISTRITOS (USD/m2),agregado,PD37944PQ,1884.51
2021-T2,12 DISTRITOS (USD/m2),agregado,PD37944PQ,1870.01
2021-T3,12 DISTRITOS (USD/m2),agregado,PD37944PQ,1869.42
2021-T4,12 DISTRITOS (USD/m2),agregado,PD37944PQ,1815.1
2022-T1,12 DISTRITOS (USD/m2),agregado,PD37944PQ,1832.45
2022-T2,12 DISTRITOS (USD/m2),agregado,PD37944PQ,1875.31
2022-T3,12 DISTRITOS (USD/m2),agregado,PD37944PQ,1851.64
2022-T4,12 DISTRITOS (USD/m2),agregado,PD37944PQ,1868.46
2023-T1,12 DISTRITOS (USD/m2),agregado,PD37944PQ,1811.13
2023-T2,12 DISTRITOS (USD/m2),agregado,PD37944PQ,1833.92
2023-T3,12 DISTRITOS (USD/m2),agregado,PD37944PQ,1848.15
2023-T4,12 DISTRITOS (USD/m2),agregado,PD37944PQ,1861.04
2024-T1,12 DISTRITOS (USD/m2),agregado,PD37944PQ,1827.65
2024-T2,12 DISTRITOS (USD/m2),agregado,PD37944PQ,1854.17
2024-T3,12 DISTRITOS (USD/m2),agregado,PD37944PQ,1839.21
2024-T4,12 DISTRITOS (USD/m2),agregado,PD37944PQ,1831.27
2025-T1,12 DISTRITOS (USD/m2),agregado,PD37944PQ,1841.44
2025-T2,12 DISTRITOS (USD/m2),agregado,PD37944PQ,1866.51
2025-T3,12 DISTRITOS (USD/m2),agregado,PD37944PQ,1899.52
2025-T4,12 DISTRITOS (USD/m2),agregado,PD37944PQ,2008.96
2026-T1,12 DISTRITOS (USD/m2),agregado,PD37944PQ,2042.17
2018-T1,SECTOR ALTO (USD/m2),agregado,PD37941PQ,1885.95
2018-T2,SECTOR ALTO (USD/m2),agregado,PD37941PQ,1861.64
2018-T3,SECTOR ALTO (USD/m2),agregado,PD37941PQ,1893.55
2018-T4,SECTOR ALTO (USD/m2),agregado,PD37941PQ,1930.56
2019-T1,SECTOR ALTO (USD/m2),agregado,PD37941PQ,1928.54
2019-T2,SECTOR ALTO (USD/m2),agregado,PD37941PQ,1968.58
2019-T3,SECTOR ALTO (USD/m2),agregado,PD37941PQ,1938.49
2019-T4,SECTOR ALTO (USD/m2),agregado,PD37941PQ,1919.21
2020-T1,SECTOR ALTO (USD/m2),agregado,PD37941PQ,1918.12
2020-T2,SECTOR ALTO (USD/m2),agregado,PD37941PQ,1989.53
2020-T3,SECTOR ALTO (USD/m2),agregado,PD37941PQ,1964.54
2020-T4,SECTOR ALTO (USD/m2),agregado,PD37941PQ,1977.1
2021-T1,SECTOR ALTO (USD/m2),agregado,PD37941PQ,1956.61
2021-T2,SECTOR ALTO (USD/m2),agregado,PD37941PQ,1954.43
2021-T3,SECTOR ALTO (USD/m2),agregado,PD37941PQ,1951.9
2021-T4,SECTOR ALTO (USD/m2),agregado,PD37941PQ,1883.8
2022-T1,SECTOR ALTO (USD/m2),agregado,PD37941PQ,1882.58
2022-T2,SECTOR ALTO (USD/m2),agregado,PD37941PQ,1949.67
2022-T3,SECTOR ALTO (USD/m2),agregado,PD37941PQ,1915.93
2022-T4,SECTOR ALTO (USD/m2),agregado,PD37941PQ,1939.1
2023-T1,SECTOR ALTO (USD/m2),agregado,PD37941PQ,1924.07
2023-T2,SECTOR ALTO (USD/m2),agregado,PD37941PQ,1940.2
2023-T3,SECTOR ALTO (USD/m2),agregado,PD37941PQ,1939.2
2023-T4,SECTOR ALTO (USD/m2),agregado,PD37941PQ,1971.55
2024-T1,SECTOR ALTO (USD/m2),agregado,PD37941PQ,1917.12
2024-T2,SECTOR ALTO (USD/m2),agregado,PD37941PQ,1957.97
2024-T3,SECTOR ALTO (USD/m2),agregado,PD37941PQ,1933.58
2024-T4,SECTOR ALTO (USD/m2),agregado,PD37941PQ,1927.12
2025-T1,SECTOR ALTO (USD/m2),agregado,PD37941PQ,1941.67
2025-T2,SECTOR ALTO (USD/m2),agregado,PD37941PQ,1960.93
2025-T3,SECTOR ALTO (USD/m2),agregado,PD37941PQ,1979.43
2025-T4,SECTOR ALTO (USD/m2),agregado,PD37941PQ,2089.91
2026-T1,SECTOR ALTO (USD/m2),agregado,PD37941PQ,2130.9
2018-T1,SECTOR MEDIO (USD/m2),agregado,PD38028PQ,1538.66
2018-T2,SECTOR MEDIO (USD/m2),agregado,PD38028PQ,1538.72
2018-T3,SECTOR MEDIO (USD/m2),agregado,PD38028PQ,1563.17
2018-T4,SECTOR MEDIO (USD/m2),agregado,PD38028PQ,1552.72
2019-T1,SECTOR MEDIO (USD/m2),agregado,PD38028PQ,1557.82
2019-T2,SECTOR MEDIO (USD/m2),agregado,PD38028PQ,1596.72
2019-T3,SECTOR MEDIO (USD/m2),agregado,PD38028PQ,1600.82
2019-T4,SECTOR MEDIO (USD/m2),agregado,PD38028PQ,1579.44
2020-T1,SECTOR MEDIO (USD/m2),agregado,PD38028PQ,1591.88
2020-T2,SECTOR MEDIO (USD/m2),agregado,PD38028PQ,1586.64
2020-T3,SECTOR MEDIO (USD/m2),agregado,PD38028PQ,1602.89
2020-T4,SECTOR MEDIO (USD/m2),agregado,PD38028PQ,1614.13
2021-T1,SECTOR MEDIO (USD/m2),agregado,PD38028PQ,1642.16
2021-T2,SECTOR MEDIO (USD/m2),agregado,PD38028PQ,1590.51
2021-T3,SECTOR MEDIO (USD/m2),agregado,PD38028PQ,1595.72
2021-T4,SECTOR MEDIO (USD/m2),agregado,PD38028PQ,1583.97
2022-T1,SECTOR MEDIO (USD/m2),agregado,PD38028PQ,1659.79
2022-T2,SECTOR MEDIO (USD/m2),agregado,PD38028PQ,1626.12
2022-T3,SECTOR MEDIO (USD/m2),agregado,PD38028PQ,1633.86
2022-T4,SECTOR MEDIO (USD/m2),agregado,PD38028PQ,1630.76
2023-T1,SECTOR MEDIO (USD/m2),agregado,PD38028PQ,1620.01
2023-T2,SECTOR MEDIO (USD/m2),agregado,PD38028PQ,1653.02
2023-T3,SECTOR MEDIO (USD/m2),agregado,PD38028PQ,1691.36
2023-T4,SECTOR MEDIO (USD/m2),agregado,PD38028PQ,1673.28
2024-T1,SECTOR MEDIO (USD/m2),agregado,PD38028PQ,1673.51
2024-T2,SECTOR MEDIO (USD/m2),agregado,PD38028PQ,1677.02
2024-T3,SECTOR MEDIO (USD/m2),agregado,PD38028PQ,1677.15
2024-T4,SECTOR MEDIO (USD/m2),agregado,PD38028PQ,1666.88
2025-T1,SECTOR MEDIO (USD/m2),agregado,PD38028PQ,1670.03
2025-T2,SECTOR MEDIO (USD/m2),agregado,PD38028PQ,1704.22
2025-T3,SECTOR MEDIO (USD/m2),agregado,PD38028PQ,1760.56
2025-T4,SECTOR MEDIO (USD/m2),agregado,PD38028PQ,1867.86
2026-T1,SECTOR MEDIO (USD/m2),agregado,PD38028PQ,1888.16
2018-T1,BARRANCO,distrito,PD37957PQ,2108.53
2018-T2,BARRANCO,distrito,PD37957PQ,2046.51
2018-T3,BARRANCO,distrito,PD37957PQ,2062.73
2018-T4,BARRANCO,distrito,PD37957PQ,2637.31
2019-T1,BARRANCO,distrito,PD37957PQ,2258.94
2019-T2,BARRANCO,distrito,PD37957PQ,2454.55
2019-T3,BARRANCO,distrito,PD37957PQ,2272.73
2019-T4,BARRANCO,distrito,PD37957PQ,2495.54
2020-T1,BARRANCO,distrito,PD37957PQ,2512.9
2020-T2,BARRANCO,distrito,PD37957PQ,2654.76
2020-T3,BARRANCO,distrito,PD37957PQ,2520.03
2020-T4,BARRANCO,distrito,PD37957PQ,2354.24
2021-T1,BARRANCO,distrito,PD37957PQ,2236.36
2021-T2,BARRANCO,distrito,PD37957PQ,2315.79
2021-T3,BARRANCO,distrito,PD37957PQ,2169.49
2021-T4,BARRANCO,distrito,PD37957PQ,1984.24
2022-T1,BARRANCO,distrito,PD37957PQ,2277.23
2022-T2,BARRANCO,distrito,PD37957PQ,2324.56
2022-T3,BARRANCO,distrito,PD37957PQ,2433.67
2022-T4,BARRANCO,distrito,PD37957PQ,2328.64
2023-T1,BARRANCO,distrito,PD37957PQ,2200.0
2023-T2,BARRANCO,distrito,PD37957PQ,2254.9
2023-T3,BARRANCO,distrito,PD37957PQ,2384.0
2023-T4,BARRANCO,distrito,PD37957PQ,2310.03
2024-T1,BARRANCO,distrito,PD37957PQ,2094.87
2024-T2,BARRANCO,distrito,PD37957PQ,2300.0
2024-T3,BARRANCO,distrito,PD37957PQ,2231.8
2024-T4,BARRANCO,distrito,PD37957PQ,2189.37
2025-T1,BARRANCO,distrito,PD37957PQ,2375.71
2025-T2,BARRANCO,distrito,PD37957PQ,2490.16
2025-T3,BARRANCO,distrito,PD37957PQ,2373.21
2025-T4,BARRANCO,distrito,PD37957PQ,2462.69
2026-T1,BARRANCO,distrito,PD37957PQ,2555.56
2018-T1,JESUS MARIA,distrito,PD17464PQ,1644.49
2018-T2,JESUS MARIA,distrito,PD17464PQ,1651.38
2018-T3,JESUS MARIA,distrito,PD17464PQ,1674.16
2018-T4,JESUS MARIA,distrito,PD17464PQ,1656.25
2019-T1,JESUS MARIA,distrito,PD17464PQ,1700.0
2019-T2,JESUS MARIA,distrito,PD17464PQ,1788.32
2019-T3,JESUS MARIA,distrito,PD17464PQ,1780.99
2019-T4,JESUS MARIA,distrito,PD17464PQ,1733.56
2020-T1,JESUS MARIA,distrito,PD17464PQ,1743.69
2020-T2,JESUS MARIA,distrito,PD17464PQ,1685.39
2020-T3,JESUS MARIA,distrito,PD17464PQ,1616.28
2020-T4,JESUS MARIA,distrito,PD17464PQ,1688.32
2021-T1,JESUS MARIA,distrito,PD17464PQ,1709.3
2021-T2,JESUS MARIA,distrito,PD17464PQ,1692.0
2021-T3,JESUS MARIA,distrito,PD17464PQ,1631.51
2021-T4,JESUS MARIA,distrito,PD17464PQ,1658.33
2022-T1,JESUS MARIA,distrito,PD17464PQ,1728.16
2022-T2,JESUS MARIA,distrito,PD17464PQ,1679.99
2022-T3,JESUS MARIA,distrito,PD17464PQ,1648.34
2022-T4,JESUS MARIA,distrito,PD17464PQ,1726.19
2023-T1,JESUS MARIA,distrito,PD17464PQ,1651.09
2023-T2,JESUS MARIA,distrito,PD17464PQ,1783.02
2023-T3,JESUS MARIA,distrito,PD17464PQ,1800.0
2023-T4,JESUS MARIA,distrito,PD17464PQ,1741.19
2024-T1,JESUS MARIA,distrito,PD17464PQ,1780.82
2024-T2,JESUS MARIA,distrito,PD17464PQ,1791.67
2024-T3,JESUS MARIA,distrito,PD17464PQ,1768.12
2024-T4,JESUS MARIA,distrito,PD17464PQ,1777.78
2025-T1,JESUS MARIA,distrito,PD17464PQ,1748.57
2025-T2,JESUS MARIA,distrito,PD17464PQ,1805.31
2025-T3,JESUS MARIA,distrito,PD17464PQ,1949.15
2025-T4,JESUS MARIA,distrito,PD17464PQ,2086.18
2026-T1,JESUS MARIA,distrito,PD17464PQ,2102.95
2018-T1,LA MOLINA,distrito,PD17459PQ,1387.26
2018-T2,LA MOLINA,distrito,PD17459PQ,1333.33
2018-T3,LA MOLINA,distrito,PD17459PQ,1453.33
2018-T4,LA MOLINA,distrito,PD17459PQ,1396.13
2019-T1,LA MOLINA,distrito,PD17459PQ,1495.33
2019-T2,LA MOLINA,distrito,PD17459PQ,1478.26
2019-T3,LA MOLINA,distrito,PD17459PQ,1500.0
2019-T4,LA MOLINA,distrito,PD17459PQ,1419.1
2020-T1,LA MOLINA,distrito,PD17459PQ,1428.57
2020-T2,LA MOLINA,distrito,PD17459PQ,1434.26
2020-T3,LA MOLINA,distrito,PD17459PQ,1458.33
2020-T4,LA MOLINA,distrito,PD17459PQ,1581.67
2021-T1,LA MOLINA,distrito,PD17459PQ,1524.39
2021-T2,LA MOLINA,distrito,PD17459PQ,1464.77
2021-T3,LA MOLINA,distrito,PD17459PQ,1510.42
2021-T4,LA MOLINA,distrito,PD17459PQ,1439.02
2022-T1,LA MOLINA,distrito,PD17459PQ,1538.16
2022-T2,LA MOLINA,distrito,PD17459PQ,1579.44
2022-T3,LA MOLINA,distrito,PD17459PQ,1481.48
2022-T4,LA MOLINA,distrito,PD17459PQ,1455.89
2023-T1,LA MOLINA,distrito,PD17459PQ,1411.46
2023-T2,LA MOLINA,distrito,PD17459PQ,1520.87
2023-T3,LA MOLINA,distrito,PD17459PQ,1500.0
2023-T4,LA MOLINA,distrito,PD17459PQ,1508.64
2024-T1,LA MOLINA,distrito,PD17459PQ,1538.38
2024-T2,LA MOLINA,distrito,PD17459PQ,1533.33
2024-T3,LA MOLINA,distrito,PD17459PQ,1516.08
2024-T4,LA MOLINA,distrito,PD17459PQ,1552.18
2025-T1,LA MOLINA,distrito,PD17459PQ,1451.39
2025-T2,LA MOLINA,distrito,PD17459PQ,1500.0
2025-T3,LA MOLINA,distrito,PD17459PQ,1509.91
2025-T4,LA MOLINA,distrito,PD17459PQ,1392.05
2026-T1,LA MOLINA,distrito,PD17459PQ,1510.42
2018-T1,LINCE,distrito,PD17465PQ,1565.68
2018-T2,LINCE,distrito,PD17465PQ,1566.5
2018-T3,LINCE,distrito,PD17465PQ,1589.26
2018-T4,LINCE,distrito,PD17465PQ,1571.43
2019-T1,LINCE,distrito,PD17465PQ,1637.93
2019-T2,LINCE,distrito,PD17465PQ,1674.24
2019-T3,LINCE,distrito,PD17465PQ,1729.41
2019-T4,LINCE,distrito,PD17465PQ,1578.44
2020-T1,LINCE,distrito,PD17465PQ,1771.24
2020-T2,LINCE,distrito,PD17465PQ,1700.96
2020-T3,LINCE,distrito,PD17465PQ,1733.33
2020-T4,LINCE,distrito,PD17465PQ,1736.11
2021-T1,LINCE,distrito,PD17465PQ,1715.4
2021-T2,LINCE,distrito,PD17465PQ,1676.36
2021-T3,LINCE,distrito,PD17465PQ,1674.65
2021-T4,LINCE,distrito,PD17465PQ,1595.74
2022-T1,LINCE,distrito,PD17465PQ,1911.76
2022-T2,LINCE,distrito,PD17465PQ,1772.92
2022-T3,LINCE,distrito,PD17465PQ,1792.96
2022-T4,LINCE,distrito,PD17465PQ,1733.33
2023-T1,LINCE,distrito,PD17465PQ,1870.97
2023-T2,LINCE,distrito,PD17465PQ,1784.95
2023-T3,LINCE,distrito,PD17465PQ,1765.15
2023-T4,LINCE,distrito,PD17465PQ,1814.2
2024-T1,LINCE,distrito,PD17465PQ,1828.12
2024-T2,LINCE,distrito,PD17465PQ,1817.27
2024-T3,LINCE,distrito,PD17465PQ,1855.54
2024-T4,LINCE,distrito,PD17465PQ,1783.11
2025-T1,LINCE,distrito,PD17465PQ,1837.7
2025-T2,LINCE,distrito,PD17465PQ,1797.54
2025-T3,LINCE,distrito,PD17465PQ,1850.0
2025-T4,LINCE,distrito,PD17465PQ,1969.7
2026-T1,LINCE,distrito,PD17465PQ,1893.95
2018-T1,MAGDALENA DEL MAR,distrito,PD17466PQ,1660.72
2018-T2,MAGDALENA DEL MAR,distrito,PD17466PQ,1654.31
2018-T3,MAGDALENA DEL MAR,distrito,PD17466PQ,1666.67
2018-T4,MAGDALENA DEL MAR,distrito,PD17466PQ,1666.67
2019-T1,MAGDALENA DEL MAR,distrito,PD17466PQ,1613.64
2019-T2,MAGDALENA DEL MAR,distrito,PD17466PQ,1653.85
2019-T3,MAGDALENA DEL MAR,distrito,PD17466PQ,1588.24
2019-T4,MAGDALENA DEL MAR,distrito,PD17466PQ,1669.15
2020-T1,MAGDALENA DEL MAR,distrito,PD17466PQ,1577.32
2020-T2,MAGDALENA DEL MAR,distrito,PD17466PQ,1761.36
2020-T3,MAGDALENA DEL MAR,distrito,PD17466PQ,1714.11
2020-T4,MAGDALENA DEL MAR,distrito,PD17466PQ,1625.79
2021-T1,MAGDALENA DEL MAR,distrito,PD17466PQ,1846.0
2021-T2,MAGDALENA DEL MAR,distrito,PD17466PQ,1666.67
2021-T3,MAGDALENA DEL MAR,distrito,PD17466PQ,1735.12
2021-T4,MAGDALENA DEL MAR,distrito,PD17466PQ,1664.41
2022-T1,MAGDALENA DEL MAR,distrito,PD17466PQ,1729.21
2022-T2,MAGDALENA DEL MAR,distrito,PD17466PQ,1730.77
2022-T3,MAGDALENA DEL MAR,distrito,PD17466PQ,1756.76
2022-T4,MAGDALENA DEL MAR,distrito,PD17466PQ,1689.19
2023-T1,MAGDALENA DEL MAR,distrito,PD17466PQ,1725.62
2023-T2,MAGDALENA DEL MAR,distrito,PD17466PQ,1700.0
2023-T3,MAGDALENA DEL MAR,distrito,PD17466PQ,1764.71
2023-T4,MAGDALENA DEL MAR,distrito,PD17466PQ,1746.7
2024-T1,MAGDALENA DEL MAR,distrito,PD17466PQ,1742.86
2024-T2,MAGDALENA DEL MAR,distrito,PD17466PQ,1737.8
2024-T3,MAGDALENA DEL MAR,distrito,PD17466PQ,1733.33
2024-T4,MAGDALENA DEL MAR,distrito,PD17466PQ,1710.71
2025-T1,MAGDALENA DEL MAR,distrito,PD17466PQ,1730.2
2025-T2,MAGDALENA DEL MAR,distrito,PD17466PQ,1820.44
2025-T3,MAGDALENA DEL MAR,distrito,PD17466PQ,1818.18
2025-T4,MAGDALENA DEL MAR,distrito,PD17466PQ,1880.0
2026-T1,MAGDALENA DEL MAR,distrito,PD17466PQ,1986.3
2018-T1,MIRAFLORES,distrito,PD17460PQ,2149.86
2018-T2,MIRAFLORES,distrito,PD17460PQ,2142.86
2018-T3,MIRAFLORES,distrito,PD17460PQ,2185.7
2018-T4,MIRAFLORES,distrito,PD17460PQ,2135.58
2019-T1,MIRAFLORES,distrito,PD17460PQ,2174.97
2019-T2,MIRAFLORES,distrito,PD17460PQ,2241.32
2019-T3,MIRAFLORES,distrito,PD17460PQ,2201.91
2019-T4,MIRAFLORES,distrito,PD17460PQ,2178.22
2020-T1,MIRAFLORES,distrito,PD17460PQ,2222.46
2020-T2,MIRAFLORES,distrito,PD17460PQ,2246.5
2020-T3,MIRAFLORES,distrito,PD17460PQ,2259.62
2020-T4,MIRAFLORES,distrito,PD17460PQ,2209.52
2021-T1,MIRAFLORES,distrito,PD17460PQ,2200.0
2021-T2,MIRAFLORES,distrito,PD17460PQ,2242.55
2021-T3,MIRAFLORES,distrito,PD17460PQ,2222.22
2021-T4,MIRAFLORES,distrito,PD17460PQ,2110.17
2022-T1,MIRAFLORES,distrito,PD17460PQ,2101.56
2022-T2,MIRAFLORES,distrito,PD17460PQ,2112.75
2022-T3,MIRAFLORES,distrito,PD17460PQ,2168.67
2022-T4,MIRAFLORES,distrito,PD17460PQ,2200.0
2023-T1,MIRAFLORES,distrito,PD17460PQ,2148.65
2023-T2,MIRAFLORES,distrito,PD17460PQ,2161.02
2023-T3,MIRAFLORES,distrito,PD17460PQ,2163.62
2023-T4,MIRAFLORES,distrito,PD17460PQ,2186.74
2024-T1,MIRAFLORES,distrito,PD17460PQ,2177.15
2024-T2,MIRAFLORES,distrito,PD17460PQ,2200.0
2024-T3,MIRAFLORES,distrito,PD17460PQ,2187.5
2024-T4,MIRAFLORES,distrito,PD17460PQ,2222.22
2025-T1,MIRAFLORES,distrito,PD17460PQ,2230.33
2025-T2,MIRAFLORES,distrito,PD17460PQ,2211.76
2025-T3,MIRAFLORES,distrito,PD17460PQ,2249.97
2025-T4,MIRAFLORES,distrito,PD17460PQ,2400.0
2026-T1,MIRAFLORES,distrito,PD17460PQ,2463.92
2018-T1,PUEBLO LIBRE,distrito,PD17467PQ,1417.04
2018-T2,PUEBLO LIBRE,distrito,PD17467PQ,1492.09
2018-T3,PUEBLO LIBRE,distrito,PD17467PQ,1569.44
2018-T4,PUEBLO LIBRE,distrito,PD17467PQ,1531.25
2019-T1,PUEBLO LIBRE,distrito,PD17467PQ,1470.83
2019-T2,PUEBLO LIBRE,distrito,PD17467PQ,1460.99
2019-T3,PUEBLO LIBRE,distrito,PD17467PQ,1485.67
2019-T4,PUEBLO LIBRE,distrito,PD17467PQ,1509.38
2020-T1,PUEBLO LIBRE,distrito,PD17467PQ,1554.45
2020-T2,PUEBLO LIBRE,distrito,PD17467PQ,1544.44
2020-T3,PUEBLO LIBRE,distrito,PD17467PQ,1466.67
2020-T4,PUEBLO LIBRE,distrito,PD17467PQ,1595.86
2021-T1,PUEBLO LIBRE,distrito,PD17467PQ,1573.17
2021-T2,PUEBLO LIBRE,distrito,PD17467PQ,1476.37
2021-T3,PUEBLO LIBRE,distrito,PD17467PQ,1467.74
2021-T4,PUEBLO LIBRE,distrito,PD17467PQ,1416.67
2022-T1,PUEBLO LIBRE,distrito,PD17467PQ,1587.43
2022-T2,PUEBLO LIBRE,distrito,PD17467PQ,1518.99
2022-T3,PUEBLO LIBRE,distrito,PD17467PQ,1553.78
2022-T4,PUEBLO LIBRE,distrito,PD17467PQ,1538.46
2023-T1,PUEBLO LIBRE,distrito,PD17467PQ,1474.36
2023-T2,PUEBLO LIBRE,distrito,PD17467PQ,1536.99
2023-T3,PUEBLO LIBRE,distrito,PD17467PQ,1705.62
2023-T4,PUEBLO LIBRE,distrito,PD17467PQ,1677.59
2024-T1,PUEBLO LIBRE,distrito,PD17467PQ,1652.17
2024-T2,PUEBLO LIBRE,distrito,PD17467PQ,1603.06
2024-T3,PUEBLO LIBRE,distrito,PD17467PQ,1630.14
2024-T4,PUEBLO LIBRE,distrito,PD17467PQ,1597.22
2025-T1,PUEBLO LIBRE,distrito,PD17467PQ,1653.06
2025-T2,PUEBLO LIBRE,distrito,PD17467PQ,1653.06
2025-T3,PUEBLO LIBRE,distrito,PD17467PQ,1666.67
2025-T4,PUEBLO LIBRE,distrito,PD17467PQ,1716.79
2026-T1,PUEBLO LIBRE,distrito,PD17467PQ,1875.0
2018-T1,SAN BORJA,distrito,PD17461PQ,1896.69
2018-T2,SAN BORJA,distrito,PD17461PQ,1848.48
2018-T3,SAN BORJA,distrito,PD17461PQ,1842.59
2018-T4,SAN BORJA,distrito,PD17461PQ,1819.81
2019-T1,SAN BORJA,distrito,PD17461PQ,1800.0
2019-T2,SAN BORJA,distrito,PD17461PQ,1853.45
2019-T3,SAN BORJA,distrito,PD17461PQ,1875.0
2019-T4,SAN BORJA,distrito,PD17461PQ,1776.86
2020-T1,SAN BORJA,distrito,PD17461PQ,1830.99
2020-T2,SAN BORJA,distrito,PD17461PQ,1915.38
2020-T3,SAN BORJA,distrito,PD17461PQ,1781.61
2020-T4,SAN BORJA,distrito,PD17461PQ,1981.13
2021-T1,SAN BORJA,distrito,PD17461PQ,1981.13
2021-T2,SAN BORJA,distrito,PD17461PQ,1949.36
2021-T3,SAN BORJA,distrito,PD17461PQ,1949.71
2021-T4,SAN BORJA,distrito,PD17461PQ,1962.5
2022-T1,SAN BORJA,distrito,PD17461PQ,1888.83
2022-T2,SAN BORJA,distrito,PD17461PQ,1925.62
2022-T3,SAN BORJA,distrito,PD17461PQ,1923.54
2022-T4,SAN BORJA,distrito,PD17461PQ,1986.63
2023-T1,SAN BORJA,distrito,PD17461PQ,1928.78
2023-T2,SAN BORJA,distrito,PD17461PQ,2000.0
2023-T3,SAN BORJA,distrito,PD17461PQ,1946.17
2023-T4,SAN BORJA,distrito,PD17461PQ,1957.98
2024-T1,SAN BORJA,distrito,PD17461PQ,1844.66
2024-T2,SAN BORJA,distrito,PD17461PQ,1911.43
2024-T3,SAN BORJA,distrito,PD17461PQ,1900.83
2024-T4,SAN BORJA,distrito,PD17461PQ,1856.62
2025-T1,SAN BORJA,distrito,PD17461PQ,1944.44
2025-T2,SAN BORJA,distrito,PD17461PQ,1911.76
2025-T3,SAN BORJA,distrito,PD17461PQ,1962.03
2025-T4,SAN BORJA,distrito,PD17461PQ,2000.0
2026-T1,SAN BORJA,distrito,PD17461PQ,2098.61
2018-T1,SAN ISIDRO,distrito,PD17462PQ,2169.23
2018-T2,SAN ISIDRO,distrito,PD17462PQ,2164.18
2018-T3,SAN ISIDRO,distrito,PD17462PQ,2295.92
2018-T4,SAN ISIDRO,distrito,PD17462PQ,2206.57
2019-T1,SAN ISIDRO,distrito,PD17462PQ,2294.6
2019-T2,SAN ISIDRO,distrito,PD17462PQ,2231.88
2019-T3,SAN ISIDRO,distrito,PD17462PQ,2223.78
2019-T4,SAN ISIDRO,distrito,PD17462PQ,2217.33
2020-T1,SAN ISIDRO,distrito,PD17462PQ,2191.01
2020-T2,SAN ISIDRO,distrito,PD17462PQ,2356.42
2020-T3,SAN ISIDRO,distrito,PD17462PQ,2208.33
2020-T4,SAN ISIDRO,distrito,PD17462PQ,2214.74
2021-T1,SAN ISIDRO,distrito,PD17462PQ,2173.49
2021-T2,SAN ISIDRO,distrito,PD17462PQ,2092.8
2021-T3,SAN ISIDRO,distrito,PD17462PQ,2124.77
2021-T4,SAN ISIDRO,distrito,PD17462PQ,2040.06
2022-T1,SAN ISIDRO,distrito,PD17462PQ,1973.84
2022-T2,SAN ISIDRO,distrito,PD17462PQ,2164.06
2022-T3,SAN ISIDRO,distrito,PD17462PQ,2142.86
2022-T4,SAN ISIDRO,distrito,PD17462PQ,2168.89
2023-T1,SAN ISIDRO,distrito,PD17462PQ,2135.92
2023-T2,SAN ISIDRO,distrito,PD17462PQ,2171.01
2023-T3,SAN ISIDRO,distrito,PD17462PQ,2118.64
2023-T4,SAN ISIDRO,distrito,PD17462PQ,2307.36
2024-T1,SAN ISIDRO,distrito,PD17462PQ,2300.46
2024-T2,SAN ISIDRO,distrito,PD17462PQ,2276.92
2024-T3,SAN ISIDRO,distrito,PD17462PQ,2232.14
2024-T4,SAN ISIDRO,distrito,PD17462PQ,2225.91
2025-T1,SAN ISIDRO,distrito,PD17462PQ,2143.72
2025-T2,SAN ISIDRO,distrito,PD17462PQ,2300.0
2025-T3,SAN ISIDRO,distrito,PD17462PQ,2272.08
2025-T4,SAN ISIDRO,distrito,PD17462PQ,2460.94
2026-T1,SAN ISIDRO,distrito,PD17462PQ,2604.5
2018-T1,SAN MIGUEL,distrito,PD17468PQ,1386.79
2018-T2,SAN MIGUEL,distrito,PD17468PQ,1300.9
2018-T3,SAN MIGUEL,distrito,PD17468PQ,1356.35
2018-T4,SAN MIGUEL,distrito,PD17468PQ,1306.58
2019-T1,SAN MIGUEL,distrito,PD17468PQ,1333.33
2019-T2,SAN MIGUEL,distrito,PD17468PQ,1386.37
2019-T3,SAN MIGUEL,distrito,PD17468PQ,1367.19
2019-T4,SAN MIGUEL,distrito,PD17468PQ,1353.87
2020-T1,SAN MIGUEL,distrito,PD17468PQ,1322.06
2020-T2,SAN MIGUEL,distrito,PD17468PQ,1305.56
2020-T3,SAN MIGUEL,distrito,PD17468PQ,1400.0
2020-T4,SAN MIGUEL,distrito,PD17468PQ,1391.63
2021-T1,SAN MIGUEL,distrito,PD17468PQ,1385.08
2021-T2,SAN MIGUEL,distrito,PD17468PQ,1381.55
2021-T3,SAN MIGUEL,distrito,PD17468PQ,1410.26
2021-T4,SAN MIGUEL,distrito,PD17468PQ,1434.78
2022-T1,SAN MIGUEL,distrito,PD17468PQ,1439.16
2022-T2,SAN MIGUEL,distrito,PD17468PQ,1428.13
2022-T3,SAN MIGUEL,distrito,PD17468PQ,1445.78
2022-T4,SAN MIGUEL,distrito,PD17468PQ,1456.98
2023-T1,SAN MIGUEL,distrito,PD17468PQ,1418.92
2023-T2,SAN MIGUEL,distrito,PD17468PQ,1472.92
2023-T3,SAN MIGUEL,distrito,PD17468PQ,1455.59
2023-T4,SAN MIGUEL,distrito,PD17468PQ,1437.91
2024-T1,SAN MIGUEL,distrito,PD17468PQ,1416.67
2024-T2,SAN MIGUEL,distrito,PD17468PQ,1451.61
2024-T3,SAN MIGUEL,distrito,PD17468PQ,1462.69
2024-T4,SAN MIGUEL,distrito,PD17468PQ,1462.02
2025-T1,SAN MIGUEL,distrito,PD17468PQ,1417.91
2025-T2,SAN MIGUEL,distrito,PD17468PQ,1463.55
2025-T3,SAN MIGUEL,distrito,PD17468PQ,1536.63
2025-T4,SAN MIGUEL,distrito,PD17468PQ,1696.7
2026-T1,SAN MIGUEL,distrito,PD17468PQ,1637.33
2018-T1,SANTIAGO DE SURCO,distrito,PD17463PQ,1686.48
2018-T2,SANTIAGO DE SURCO,distrito,PD17463PQ,1666.67
2018-T3,SANTIAGO DE SURCO,distrito,PD17463PQ,1653.54
2018-T4,SANTIAGO DE SURCO,distrito,PD17463PQ,1754.7
2019-T1,SANTIAGO DE SURCO,distrito,PD17463PQ,1726.8
2019-T2,SANTIAGO DE SURCO,distrito,PD17463PQ,1778.35
2019-T3,SANTIAGO DE SURCO,distrito,PD17463PQ,1734.95
2019-T4,SANTIAGO DE SURCO,distrito,PD17463PQ,1725.84
2020-T1,SANTIAGO DE SURCO,distrito,PD17463PQ,1688.26
2020-T2,SANTIAGO DE SURCO,distrito,PD17463PQ,1750.0
2020-T3,SANTIAGO DE SURCO,distrito,PD17463PQ,1790.2
2020-T4,SANTIAGO DE SURCO,distrito,PD17463PQ,1769.23
2021-T1,SANTIAGO DE SURCO,distrito,PD17463PQ,1764.29
2021-T2,SANTIAGO DE SURCO,distrito,PD17463PQ,1781.61
2021-T3,SANTIAGO DE SURCO,distrito,PD17463PQ,1781.62
2021-T4,SANTIAGO DE SURCO,distrito,PD17463PQ,1733.78
2022-T1,SANTIAGO DE SURCO,distrito,PD17463PQ,1726.36
2022-T2,SANTIAGO DE SURCO,distrito,PD17463PQ,1791.51
2022-T3,SANTIAGO DE SURCO,distrito,PD17463PQ,1693.55
2022-T4,SANTIAGO DE SURCO,distrito,PD17463PQ,1723.49
2023-T1,SANTIAGO DE SURCO,distrito,PD17463PQ,1750.0
2023-T2,SANTIAGO DE SURCO,distrito,PD17463PQ,1714.29
2023-T3,SANTIAGO DE SURCO,distrito,PD17463PQ,1735.29
2023-T4,SANTIAGO DE SURCO,distrito,PD17463PQ,1744.93
2024-T1,SANTIAGO DE SURCO,distrito,PD17463PQ,1675.77
2024-T2,SANTIAGO DE SURCO,distrito,PD17463PQ,1724.51
2024-T3,SANTIAGO DE SURCO,distrito,PD17463PQ,1700.0
2024-T4,SANTIAGO DE SURCO,distrito,PD17463PQ,1679.69
2025-T1,SANTIAGO DE SURCO,distrito,PD17463PQ,1706.23
2025-T2,SANTIAGO DE SURCO,distrito,PD17463PQ,1700.0
2025-T3,SANTIAGO DE SURCO,distrito,PD17463PQ,1729.93
2025-T4,SANTIAGO DE SURCO,distrito,PD17463PQ,1872.65
2026-T1,SANTIAGO DE SURCO,distrito,PD17463PQ,1818.18
2018-T1,SURQUILLO,distrito,PD37958PQ,1590.05
2018-T2,SURQUILLO,distrito,PD37958PQ,1645.7
2018-T3,SURQUILLO,distrito,PD37958PQ,1588.68
2018-T4,SURQUILLO,distrito,PD37958PQ,1668.95
2019-T1,SURQUILLO,distrito,PD37958PQ,1663.33
2019-T2,SURQUILLO,distrito,PD37958PQ,1669.5
2019-T3,SURQUILLO,distrito,PD37958PQ,1734.43
2019-T4,SURQUILLO,distrito,PD37958PQ,1686.13
2020-T1,SURQUILLO,distrito,PD37958PQ,1706.67
2020-T2,SURQUILLO,distrito,PD37958PQ,1652.39
2020-T3,SURQUILLO,distrito,PD37958PQ,1793.66
2020-T4,SURQUILLO,distrito,PD37958PQ,1746.38
2021-T1,SURQUILLO,distrito,PD37958PQ,1736.55
2021-T2,SURQUILLO,distrito,PD37958PQ,1723.08
2021-T3,SURQUILLO,distrito,PD37958PQ,1733.33
2021-T4,SURQUILLO,distrito,PD37958PQ,1769.23
2022-T1,SURQUILLO,distrito,PD37958PQ,1695.56
2022-T2,SURQUILLO,distrito,PD37958PQ,1720.0
2022-T3,SURQUILLO,distrito,PD37958PQ,1710.53
2022-T4,SURQUILLO,distrito,PD37958PQ,1700.0
2023-T1,SURQUILLO,distrito,PD37958PQ,1682.93
2023-T2,SURQUILLO,distrito,PD37958PQ,1671.36
2023-T3,SURQUILLO,distrito,PD37958PQ,1722.22
2023-T4,SURQUILLO,distrito,PD37958PQ,1712.74
2024-T1,SURQUILLO,distrito,PD37958PQ,1708.33
2024-T2,SURQUILLO,distrito,PD37958PQ,1722.79
2024-T3,SURQUILLO,distrito,PD37958PQ,1686.75
2024-T4,SURQUILLO,distrito,PD37958PQ,1720.0
2025-T1,SURQUILLO,distrito,PD37958PQ,1732.28
2025-T2,SURQUILLO,distrito,PD37958PQ,1753.25
2025-T3,SURQUILLO,distrito,PD37958PQ,1768.12
2025-T4,SURQUILLO,distrito,PD37958PQ,1848.58
2026-T1,SURQUILLO,distrito,PD37958PQ,1856.33
2018-T1,BARRANCO,precio_alquiler,PD41940PQ,17.23
2018-T2,BARRANCO,precio_alquiler,PD41940PQ,14.21
2018-T3,BARRANCO,precio_alquiler,PD41940PQ,17.19
2018-T4,BARRANCO,precio_alquiler,PD41940PQ,17.78
2019-T1,BARRANCO,precio_alquiler,PD41940PQ,17.78
2019-T2,BARRANCO,precio_alquiler,PD41940PQ,17.14
2019-T3,BARRANCO,precio_alquiler,PD41940PQ,17.07
2019-T4,BARRANCO,precio_alquiler,PD41940PQ,18.72
2020-T1,BARRANCO,precio_alquiler,PD41940PQ,16.12
2020-T2,BARRANCO,precio_alquiler,PD41940PQ,17.94
2020-T3,BARRANCO,precio_alquiler,PD41940PQ,20.27
2020-T4,BARRANCO,precio_alquiler,PD41940PQ,17.84
2021-T1,BARRANCO,precio_alquiler,PD41940PQ,16.69
2021-T2,BARRANCO,precio_alquiler,PD41940PQ,20.02
2021-T3,BARRANCO,precio_alquiler,PD41940PQ,20.24
2021-T4,BARRANCO,precio_alquiler,PD41940PQ,17.44
2022-T1,BARRANCO,precio_alquiler,PD41940PQ,20.36
2022-T2,BARRANCO,precio_alquiler,PD41940PQ,18.65
2022-T3,BARRANCO,precio_alquiler,PD41940PQ,18.48
2022-T4,BARRANCO,precio_alquiler,PD41940PQ,18.66
2023-T1,BARRANCO,precio_alquiler,PD41940PQ,17.14
2023-T2,BARRANCO,precio_alquiler,PD41940PQ,18.79
2023-T3,BARRANCO,precio_alquiler,PD41940PQ,18.46
2023-T4,BARRANCO,precio_alquiler,PD41940PQ,17.97
2024-T1,BARRANCO,precio_alquiler,PD41940PQ,16.01
2024-T2,BARRANCO,precio_alquiler,PD41940PQ,17.11
2024-T3,BARRANCO,precio_alquiler,PD41940PQ,16.47
2024-T4,BARRANCO,precio_alquiler,PD41940PQ,17.31
2025-T1,BARRANCO,precio_alquiler,PD41940PQ,17.47
2025-T2,BARRANCO,precio_alquiler,PD41940PQ,17.29
2025-T3,BARRANCO,precio_alquiler,PD41940PQ,16.95
2025-T4,BARRANCO,precio_alquiler,PD41940PQ,15.3
2026-T1,BARRANCO,precio_alquiler,PD41940PQ,17.04
2018-T1,JESUS MARIA,precio_alquiler,PD41941PQ,15.31
2018-T2,JESUS MARIA,precio_alquiler,PD41941PQ,16.44
2018-T3,JESUS MARIA,precio_alquiler,PD41941PQ,16.16
2018-T4,JESUS MARIA,precio_alquiler,PD41941PQ,15.16
2019-T1,JESUS MARIA,precio_alquiler,PD41941PQ,15.91
2019-T2,JESUS MARIA,precio_alquiler,PD41941PQ,17.59
2019-T3,JESUS MARIA,precio_alquiler,PD41941PQ,16.77
2019-T4,JESUS MARIA,precio_alquiler,PD41941PQ,16.72
2020-T1,JESUS MARIA,precio_alquiler,PD41941PQ,16.63
2020-T2,JESUS MARIA,precio_alquiler,PD41941PQ,17.48
2020-T3,JESUS MARIA,precio_alquiler,PD41941PQ,16.36
2020-T4,JESUS MARIA,precio_alquiler,PD41941PQ,19.05
2021-T1,JESUS MARIA,precio_alquiler,PD41941PQ,17.89
2021-T2,JESUS MARIA,precio_alquiler,PD41941PQ,18.94
2021-T3,JESUS MARIA,precio_alquiler,PD41941PQ,18.17
2021-T4,JESUS MARIA,precio_alquiler,PD41941PQ,19.0
2022-T1,JESUS MARIA,precio_alquiler,PD41941PQ,18.45
2022-T2,JESUS MARIA,precio_alquiler,PD41941PQ,18.12
2022-T3,JESUS MARIA,precio_alquiler,PD41941PQ,17.74
2022-T4,JESUS MARIA,precio_alquiler,PD41941PQ,17.42
2023-T1,JESUS MARIA,precio_alquiler,PD41941PQ,16.7
2023-T2,JESUS MARIA,precio_alquiler,PD41941PQ,17.02
2023-T3,JESUS MARIA,precio_alquiler,PD41941PQ,17.84
2023-T4,JESUS MARIA,precio_alquiler,PD41941PQ,17.11
2024-T1,JESUS MARIA,precio_alquiler,PD41941PQ,17.14
2024-T2,JESUS MARIA,precio_alquiler,PD41941PQ,16.88
2024-T3,JESUS MARIA,precio_alquiler,PD41941PQ,16.21
2024-T4,JESUS MARIA,precio_alquiler,PD41941PQ,16.6
2025-T1,JESUS MARIA,precio_alquiler,PD41941PQ,15.73
2025-T2,JESUS MARIA,precio_alquiler,PD41941PQ,15.97
2025-T3,JESUS MARIA,precio_alquiler,PD41941PQ,15.98
2025-T4,JESUS MARIA,precio_alquiler,PD41941PQ,16.65
2026-T1,JESUS MARIA,precio_alquiler,PD41941PQ,17.52
2018-T1,LA MOLINA,precio_alquiler,PD41942PQ,18.92
2018-T2,LA MOLINA,precio_alquiler,PD41942PQ,18.18
2018-T3,LA MOLINA,precio_alquiler,PD41942PQ,19.79
2018-T4,LA MOLINA,precio_alquiler,PD41942PQ,18.46
2019-T1,LA MOLINA,precio_alquiler,PD41942PQ,19.25
2019-T2,LA MOLINA,precio_alquiler,PD41942PQ,19.36
2019-T3,LA MOLINA,precio_alquiler,PD41942PQ,21.92
2019-T4,LA MOLINA,precio_alquiler,PD41942PQ,19.51
2020-T1,LA MOLINA,precio_alquiler,PD41942PQ,18.45
2020-T2,LA MOLINA,precio_alquiler,PD41942PQ,19.28
2020-T3,LA MOLINA,precio_alquiler,PD41942PQ,19.31
2020-T4,LA MOLINA,precio_alquiler,PD41942PQ,22.31
2021-T1,LA MOLINA,precio_alquiler,PD41942PQ,21.24
2021-T2,LA MOLINA,precio_alquiler,PD41942PQ,20.34
2021-T3,LA MOLINA,precio_alquiler,PD41942PQ,23.48
2021-T4,LA MOLINA,precio_alquiler,PD41942PQ,23.98
2022-T1,LA MOLINA,precio_alquiler,PD41942PQ,23.32
2022-T2,LA MOLINA,precio_alquiler,PD41942PQ,21.08
2022-T3,LA MOLINA,precio_alquiler,PD41942PQ,18.27
2022-T4,LA MOLINA,precio_alquiler,PD41942PQ,19.16
2023-T1,LA MOLINA,precio_alquiler,PD41942PQ,18.57
2023-T2,LA MOLINA,precio_alquiler,PD41942PQ,19.48
2023-T3,LA MOLINA,precio_alquiler,PD41942PQ,18.29
2023-T4,LA MOLINA,precio_alquiler,PD41942PQ,18.75
2024-T1,LA MOLINA,precio_alquiler,PD41942PQ,19.31
2024-T2,LA MOLINA,precio_alquiler,PD41942PQ,20.17
2024-T3,LA MOLINA,precio_alquiler,PD41942PQ,18.91
2024-T4,LA MOLINA,precio_alquiler,PD41942PQ,19.48
2025-T1,LA MOLINA,precio_alquiler,PD41942PQ,17.31
2025-T2,LA MOLINA,precio_alquiler,PD41942PQ,16.19
2025-T3,LA MOLINA,precio_alquiler,PD41942PQ,18.12
2025-T4,LA MOLINA,precio_alquiler,PD41942PQ,15.4
2026-T1,LA MOLINA,precio_alquiler,PD41942PQ,15.52
2018-T1,LINCE,precio_alquiler,PD41943PQ,14.63
2018-T2,LINCE,precio_alquiler,PD41943PQ,13.94
2018-T3,LINCE,precio_alquiler,PD41943PQ,15.71
2018-T4,LINCE,precio_alquiler,PD41943PQ,15.72
2019-T1,LINCE,precio_alquiler,PD41943PQ,14.5
2019-T2,LINCE,precio_alquiler,PD41943PQ,14.58
2019-T3,LINCE,precio_alquiler,PD41943PQ,15.67
2019-T4,LINCE,precio_alquiler,PD41943PQ,14.55
2020-T1,LINCE,precio_alquiler,PD41943PQ,15.45
2020-T2,LINCE,precio_alquiler,PD41943PQ,15.16
2020-T3,LINCE,precio_alquiler,PD41943PQ,17.42
2020-T4,LINCE,precio_alquiler,PD41943PQ,18.41
2021-T1,LINCE,precio_alquiler,PD41943PQ,17.73
2021-T2,LINCE,precio_alquiler,PD41943PQ,18.31
2021-T3,LINCE,precio_alquiler,PD41943PQ,18.61
2021-T4,LINCE,precio_alquiler,PD41943PQ,19.97
2022-T1,LINCE,precio_alquiler,PD41943PQ,17.76
2022-T2,LINCE,precio_alquiler,PD41943PQ,17.14
2022-T3,LINCE,precio_alquiler,PD41943PQ,16.88
2022-T4,LINCE,precio_alquiler,PD41943PQ,16.99
2023-T1,LINCE,precio_alquiler,PD41943PQ,17.37
2023-T2,LINCE,precio_alquiler,PD41943PQ,16.92
2023-T3,LINCE,precio_alquiler,PD41943PQ,16.9
2023-T4,LINCE,precio_alquiler,PD41943PQ,16.86
2024-T1,LINCE,precio_alquiler,PD41943PQ,16.23
2024-T2,LINCE,precio_alquiler,PD41943PQ,17.64
2024-T3,LINCE,precio_alquiler,PD41943PQ,18.26
2024-T4,LINCE,precio_alquiler,PD41943PQ,17.08
2025-T1,LINCE,precio_alquiler,PD41943PQ,16.22
2025-T2,LINCE,precio_alquiler,PD41943PQ,14.01
2025-T3,LINCE,precio_alquiler,PD41943PQ,14.22
2025-T4,LINCE,precio_alquiler,PD41943PQ,14.97
2026-T1,LINCE,precio_alquiler,PD41943PQ,15.07
2018-T1,MAGDALENA DEL MAR,precio_alquiler,PD41944PQ,16.82
2018-T2,MAGDALENA DEL MAR,precio_alquiler,PD41944PQ,17.82
2018-T3,MAGDALENA DEL MAR,precio_alquiler,PD41944PQ,17.47
2018-T4,MAGDALENA DEL MAR,precio_alquiler,PD41944PQ,17.86
2019-T1,MAGDALENA DEL MAR,precio_alquiler,PD41944PQ,16.14
2019-T2,MAGDALENA DEL MAR,precio_alquiler,PD41944PQ,16.84
2019-T3,MAGDALENA DEL MAR,precio_alquiler,PD41944PQ,16.29
2019-T4,MAGDALENA DEL MAR,precio_alquiler,PD41944PQ,17.01
2020-T1,MAGDALENA DEL MAR,precio_alquiler,PD41944PQ,14.81
2020-T2,MAGDALENA DEL MAR,precio_alquiler,PD41944PQ,16.65
2020-T3,MAGDALENA DEL MAR,precio_alquiler,PD41944PQ,17.97
2020-T4,MAGDALENA DEL MAR,precio_alquiler,PD41944PQ,18.06
2021-T1,MAGDALENA DEL MAR,precio_alquiler,PD41944PQ,20.38
2021-T2,MAGDALENA DEL MAR,precio_alquiler,PD41944PQ,18.6
2021-T3,MAGDALENA DEL MAR,precio_alquiler,PD41944PQ,20.82
2021-T4,MAGDALENA DEL MAR,precio_alquiler,PD41944PQ,19.85
2022-T1,MAGDALENA DEL MAR,precio_alquiler,PD41944PQ,17.7
2022-T2,MAGDALENA DEL MAR,precio_alquiler,PD41944PQ,17.34
2022-T3,MAGDALENA DEL MAR,precio_alquiler,PD41944PQ,19.28
2022-T4,MAGDALENA DEL MAR,precio_alquiler,PD41944PQ,17.98
2023-T1,MAGDALENA DEL MAR,precio_alquiler,PD41944PQ,17.04
2023-T2,MAGDALENA DEL MAR,precio_alquiler,PD41944PQ,16.72
2023-T3,MAGDALENA DEL MAR,precio_alquiler,PD41944PQ,17.15
2023-T4,MAGDALENA DEL MAR,precio_alquiler,PD41944PQ,17.28
2024-T1,MAGDALENA DEL MAR,precio_alquiler,PD41944PQ,17.03
2024-T2,MAGDALENA DEL MAR,precio_alquiler,PD41944PQ,16.78
2024-T3,MAGDALENA DEL MAR,precio_alquiler,PD41944PQ,16.46
2024-T4,MAGDALENA DEL MAR,precio_alquiler,PD41944PQ,15.84
2025-T1,MAGDALENA DEL MAR,precio_alquiler,PD41944PQ,16.06
2025-T2,MAGDALENA DEL MAR,precio_alquiler,PD41944PQ,15.65
2025-T3,MAGDALENA DEL MAR,precio_alquiler,PD41944PQ,15.15
2025-T4,MAGDALENA DEL MAR,precio_alquiler,PD41944PQ,16.23
2026-T1,MAGDALENA DEL MAR,precio_alquiler,PD41944PQ,15.39
2018-T1,MIRAFLORES,precio_alquiler,PD41945PQ,17.17
2018-T2,MIRAFLORES,precio_alquiler,PD41945PQ,17.22
2018-T3,MIRAFLORES,precio_alquiler,PD41945PQ,18.21
2018-T4,MIRAFLORES,precio_alquiler,PD41945PQ,17.8
2019-T1,MIRAFLORES,precio_alquiler,PD41945PQ,17.52
2019-T2,MIRAFLORES,precio_alquiler,PD41945PQ,18.66
2019-T3,MIRAFLORES,precio_alquiler,PD41945PQ,17.88
2019-T4,MIRAFLORES,precio_alquiler,PD41945PQ,17.79
2020-T1,MIRAFLORES,precio_alquiler,PD41945PQ,17.04
2020-T2,MIRAFLORES,precio_alquiler,PD41945PQ,17.88
2020-T3,MIRAFLORES,precio_alquiler,PD41945PQ,19.92
2020-T4,MIRAFLORES,precio_alquiler,PD41945PQ,20.31
2021-T1,MIRAFLORES,precio_alquiler,PD41945PQ,20.0
2021-T2,MIRAFLORES,precio_alquiler,PD41945PQ,21.1
2021-T3,MIRAFLORES,precio_alquiler,PD41945PQ,22.22
2021-T4,MIRAFLORES,precio_alquiler,PD41945PQ,20.39
2022-T1,MIRAFLORES,precio_alquiler,PD41945PQ,19.29
2022-T2,MIRAFLORES,precio_alquiler,PD41945PQ,18.96
2022-T3,MIRAFLORES,precio_alquiler,PD41945PQ,19.52
2022-T4,MIRAFLORES,precio_alquiler,PD41945PQ,19.86
2023-T1,MIRAFLORES,precio_alquiler,PD41945PQ,18.11
2023-T2,MIRAFLORES,precio_alquiler,PD41945PQ,18.86
2023-T3,MIRAFLORES,precio_alquiler,PD41945PQ,18.35
2023-T4,MIRAFLORES,precio_alquiler,PD41945PQ,19.14
2024-T1,MIRAFLORES,precio_alquiler,PD41945PQ,18.45
2024-T2,MIRAFLORES,precio_alquiler,PD41945PQ,18.33
2024-T3,MIRAFLORES,precio_alquiler,PD41945PQ,18.23
2024-T4,MIRAFLORES,precio_alquiler,PD41945PQ,20.13
2025-T1,MIRAFLORES,precio_alquiler,PD41945PQ,17.58
2025-T2,MIRAFLORES,precio_alquiler,PD41945PQ,16.9
2025-T3,MIRAFLORES,precio_alquiler,PD41945PQ,16.19
2025-T4,MIRAFLORES,precio_alquiler,PD41945PQ,17.5
2026-T1,MIRAFLORES,precio_alquiler,PD41945PQ,17.78
2018-T1,PROMEDIO,precio_alquiler,PD41952PQ,17.07
2018-T2,PROMEDIO,precio_alquiler,PD41952PQ,16.77
2018-T3,PROMEDIO,precio_alquiler,PD41952PQ,17.23
2018-T4,PROMEDIO,precio_alquiler,PD41952PQ,17.56
2019-T1,PROMEDIO,precio_alquiler,PD41952PQ,17.0
2019-T2,PROMEDIO,precio_alquiler,PD41952PQ,17.38
2019-T3,PROMEDIO,precio_alquiler,PD41952PQ,17.56
2019-T4,PROMEDIO,precio_alquiler,PD41952PQ,17.59
2020-T1,PROMEDIO,precio_alquiler,PD41952PQ,16.63
2020-T2,PROMEDIO,precio_alquiler,PD41952PQ,17.39
2020-T3,PROMEDIO,precio_alquiler,PD41952PQ,18.85
2020-T4,PROMEDIO,precio_alquiler,PD41952PQ,19.69
2021-T1,PROMEDIO,precio_alquiler,PD41952PQ,19.55
2021-T2,PROMEDIO,precio_alquiler,PD41952PQ,20.03
2021-T3,PROMEDIO,precio_alquiler,PD41952PQ,21.17
2021-T4,PROMEDIO,precio_alquiler,PD41952PQ,20.78
2022-T1,PROMEDIO,precio_alquiler,PD41952PQ,19.24
2022-T2,PROMEDIO,precio_alquiler,PD41952PQ,18.63
2022-T3,PROMEDIO,precio_alquiler,PD41952PQ,18.97
2022-T4,PROMEDIO,precio_alquiler,PD41952PQ,18.91
2023-T1,PROMEDIO,precio_alquiler,PD41952PQ,18.02
2023-T2,PROMEDIO,precio_alquiler,PD41952PQ,18.18
2023-T3,PROMEDIO,precio_alquiler,PD41952PQ,18.06
2023-T4,PROMEDIO,precio_alquiler,PD41952PQ,18.25
2024-T1,PROMEDIO,precio_alquiler,PD41952PQ,17.71
2024-T2,PROMEDIO,precio_alquiler,PD41952PQ,17.8
2024-T3,PROMEDIO,precio_alquiler,PD41952PQ,16.99
2024-T4,PROMEDIO,precio_alquiler,PD41952PQ,17.49
2025-T1,PROMEDIO,precio_alquiler,PD41952PQ,17.08
2025-T2,PROMEDIO,precio_alquiler,PD41952PQ,16.43
2025-T3,PROMEDIO,precio_alquiler,PD41952PQ,16.52
2025-T4,PROMEDIO,precio_alquiler,PD41952PQ,16.34
2026-T1,PROMEDIO,precio_alquiler,PD41952PQ,16.67
2018-T1,PUEBLO LIBRE,precio_alquiler,PD41946PQ,15.45
2018-T2,PUEBLO LIBRE,precio_alquiler,PD41946PQ,15.44
2018-T3,PUEBLO LIBRE,precio_alquiler,PD41946PQ,15.09
2018-T4,PUEBLO LIBRE,precio_alquiler,PD41946PQ,16.97
2019-T1,PUEBLO LIBRE,precio_alquiler,PD41946PQ,15.49
2019-T2,PUEBLO LIBRE,precio_alquiler,PD41946PQ,15.97
2019-T3,PUEBLO LIBRE,precio_alquiler,PD41946PQ,15.55
2019-T4,PUEBLO LIBRE,precio_alquiler,PD41946PQ,16.95
2020-T1,PUEBLO LIBRE,precio_alquiler,PD41946PQ,15.65
2020-T2,PUEBLO LIBRE,precio_alquiler,PD41946PQ,15.7
2020-T3,PUEBLO LIBRE,precio_alquiler,PD41946PQ,16.13
2020-T4,PUEBLO LIBRE,precio_alquiler,PD41946PQ,20.02
2021-T1,PUEBLO LIBRE,precio_alquiler,PD41946PQ,19.31
2021-T2,PUEBLO LIBRE,precio_alquiler,PD41946PQ,18.87
2021-T3,PUEBLO LIBRE,precio_alquiler,PD41946PQ,20.32
2021-T4,PUEBLO LIBRE,precio_alquiler,PD41946PQ,21.21
2022-T1,PUEBLO LIBRE,precio_alquiler,PD41946PQ,21.31
2022-T2,PUEBLO LIBRE,precio_alquiler,PD41946PQ,19.31
2022-T3,PUEBLO LIBRE,precio_alquiler,PD41946PQ,19.42
2022-T4,PUEBLO LIBRE,precio_alquiler,PD41946PQ,18.32
2023-T1,PUEBLO LIBRE,precio_alquiler,PD41946PQ,17.83
2023-T2,PUEBLO LIBRE,precio_alquiler,PD41946PQ,18.2
2023-T3,PUEBLO LIBRE,precio_alquiler,PD41946PQ,18.42
2023-T4,PUEBLO LIBRE,precio_alquiler,PD41946PQ,18.28
2024-T1,PUEBLO LIBRE,precio_alquiler,PD41946PQ,18.49
2024-T2,PUEBLO LIBRE,precio_alquiler,PD41946PQ,17.29
2024-T3,PUEBLO LIBRE,precio_alquiler,PD41946PQ,16.79
2024-T4,PUEBLO LIBRE,precio_alquiler,PD41946PQ,18.3
2025-T1,PUEBLO LIBRE,precio_alquiler,PD41946PQ,17.27
2025-T2,PUEBLO LIBRE,precio_alquiler,PD41946PQ,17.49
2025-T3,PUEBLO LIBRE,precio_alquiler,PD41946PQ,18.94
2025-T4,PUEBLO LIBRE,precio_alquiler,PD41946PQ,14.87
2026-T1,PUEBLO LIBRE,precio_alquiler,PD41946PQ,16.91
2018-T1,SAN BORJA,precio_alquiler,PD41947PQ,19.16
2018-T2,SAN BORJA,precio_alquiler,PD41947PQ,19.93
2018-T3,SAN BORJA,precio_alquiler,PD41947PQ,19.31
2018-T4,SAN BORJA,precio_alquiler,PD41947PQ,19.17
2019-T1,SAN BORJA,precio_alquiler,PD41947PQ,19.41
2019-T2,SAN BORJA,precio_alquiler,PD41947PQ,19.66
2019-T3,SAN BORJA,precio_alquiler,PD41947PQ,19.36
2019-T4,SAN BORJA,precio_alquiler,PD41947PQ,18.7
2020-T1,SAN BORJA,precio_alquiler,PD41947PQ,18.44
2020-T2,SAN BORJA,precio_alquiler,PD41947PQ,19.59
2020-T3,SAN BORJA,precio_alquiler,PD41947PQ,20.45
2020-T4,SAN BORJA,precio_alquiler,PD41947PQ,22.86
2021-T1,SAN BORJA,precio_alquiler,PD41947PQ,22.86
2021-T2,SAN BORJA,precio_alquiler,PD41947PQ,22.74
2021-T3,SAN BORJA,precio_alquiler,PD41947PQ,24.37
2021-T4,SAN BORJA,precio_alquiler,PD41947PQ,25.65
2022-T1,SAN BORJA,precio_alquiler,PD41947PQ,21.55
2022-T2,SAN BORJA,precio_alquiler,PD41947PQ,20.42
2022-T3,SAN BORJA,precio_alquiler,PD41947PQ,22.12
2022-T4,SAN BORJA,precio_alquiler,PD41947PQ,22.95
2023-T1,SAN BORJA,precio_alquiler,PD41947PQ,21.12
2023-T2,SAN BORJA,precio_alquiler,PD41947PQ,20.62
2023-T3,SAN BORJA,precio_alquiler,PD41947PQ,20.81
2023-T4,SAN BORJA,precio_alquiler,PD41947PQ,21.21
2024-T1,SAN BORJA,precio_alquiler,PD41947PQ,19.44
2024-T2,SAN BORJA,precio_alquiler,PD41947PQ,18.1
2024-T3,SAN BORJA,precio_alquiler,PD41947PQ,17.14
2024-T4,SAN BORJA,precio_alquiler,PD41947PQ,19.96
2025-T1,SAN BORJA,precio_alquiler,PD41947PQ,20.77
2025-T2,SAN BORJA,precio_alquiler,PD41947PQ,19.67
2025-T3,SAN BORJA,precio_alquiler,PD41947PQ,17.93
2025-T4,SAN BORJA,precio_alquiler,PD41947PQ,18.13
2026-T1,SAN BORJA,precio_alquiler,PD41947PQ,17.58
2018-T1,SAN ISIDRO,precio_alquiler,PD41948PQ,18.08
2018-T2,SAN ISIDRO,precio_alquiler,PD41948PQ,18.76
2018-T3,SAN ISIDRO,precio_alquiler,PD41948PQ,19.13
2018-T4,SAN ISIDRO,precio_alquiler,PD41948PQ,19.68
2019-T1,SAN ISIDRO,precio_alquiler,PD41948PQ,18.09
2019-T2,SAN ISIDRO,precio_alquiler,PD41948PQ,19.12
2019-T3,SAN ISIDRO,precio_alquiler,PD41948PQ,19.3
2019-T4,SAN ISIDRO,precio_alquiler,PD41948PQ,19.59
2020-T1,SAN ISIDRO,precio_alquiler,PD41948PQ,18.26
2020-T2,SAN ISIDRO,precio_alquiler,PD41948PQ,19.64
2020-T3,SAN ISIDRO,precio_alquiler,PD41948PQ,20.59
2020-T4,SAN ISIDRO,precio_alquiler,PD41948PQ,20.13
2021-T1,SAN ISIDRO,precio_alquiler,PD41948PQ,19.41
2021-T2,SAN ISIDRO,precio_alquiler,PD41948PQ,22.24
2021-T3,SAN ISIDRO,precio_alquiler,PD41948PQ,21.25
2021-T4,SAN ISIDRO,precio_alquiler,PD41948PQ,19.0
2022-T1,SAN ISIDRO,precio_alquiler,PD41948PQ,15.18
2022-T2,SAN ISIDRO,precio_alquiler,PD41948PQ,16.1
2022-T3,SAN ISIDRO,precio_alquiler,PD41948PQ,18.51
2022-T4,SAN ISIDRO,precio_alquiler,PD41948PQ,18.31
2023-T1,SAN ISIDRO,precio_alquiler,PD41948PQ,18.0
2023-T2,SAN ISIDRO,precio_alquiler,PD41948PQ,17.69
2023-T3,SAN ISIDRO,precio_alquiler,PD41948PQ,17.88
2023-T4,SAN ISIDRO,precio_alquiler,PD41948PQ,18.59
2024-T1,SAN ISIDRO,precio_alquiler,PD41948PQ,18.16
2024-T2,SAN ISIDRO,precio_alquiler,PD41948PQ,17.08
2024-T3,SAN ISIDRO,precio_alquiler,PD41948PQ,16.84
2024-T4,SAN ISIDRO,precio_alquiler,PD41948PQ,15.62
2025-T1,SAN ISIDRO,precio_alquiler,PD41948PQ,16.08
2025-T2,SAN ISIDRO,precio_alquiler,PD41948PQ,16.15
2025-T3,SAN ISIDRO,precio_alquiler,PD41948PQ,16.34
2025-T4,SAN ISIDRO,precio_alquiler,PD41948PQ,15.95
2026-T1,SAN ISIDRO,precio_alquiler,PD41948PQ,16.7
2018-T1,SAN MIGUEL,precio_alquiler,PD41949PQ,15.74
2018-T2,SAN MIGUEL,precio_alquiler,PD41949PQ,14.57
2018-T3,SAN MIGUEL,precio_alquiler,PD41949PQ,16.01
2018-T4,SAN MIGUEL,precio_alquiler,PD41949PQ,15.29
2019-T1,SAN MIGUEL,precio_alquiler,PD41949PQ,14.68
2019-T2,SAN MIGUEL,precio_alquiler,PD41949PQ,16.5
2019-T3,SAN MIGUEL,precio_alquiler,PD41949PQ,15.59
2019-T4,SAN MIGUEL,precio_alquiler,PD41949PQ,16.63
2020-T1,SAN MIGUEL,precio_alquiler,PD41949PQ,15.06
2020-T2,SAN MIGUEL,precio_alquiler,PD41949PQ,15.54
2020-T3,SAN MIGUEL,precio_alquiler,PD41949PQ,17.83
2020-T4,SAN MIGUEL,precio_alquiler,PD41949PQ,18.29
2021-T1,SAN MIGUEL,precio_alquiler,PD41949PQ,19.14
2021-T2,SAN MIGUEL,precio_alquiler,PD41949PQ,17.67
2021-T3,SAN MIGUEL,precio_alquiler,PD41949PQ,20.16
2021-T4,SAN MIGUEL,precio_alquiler,PD41949PQ,19.93
2022-T1,SAN MIGUEL,precio_alquiler,PD41949PQ,19.08
2022-T2,SAN MIGUEL,precio_alquiler,PD41949PQ,17.04
2022-T3,SAN MIGUEL,precio_alquiler,PD41949PQ,18.67
2022-T4,SAN MIGUEL,precio_alquiler,PD41949PQ,19.77
2023-T1,SAN MIGUEL,precio_alquiler,PD41949PQ,17.08
2023-T2,SAN MIGUEL,precio_alquiler,PD41949PQ,17.68
2023-T3,SAN MIGUEL,precio_alquiler,PD41949PQ,17.02
2023-T4,SAN MIGUEL,precio_alquiler,PD41949PQ,17.58
2024-T1,SAN MIGUEL,precio_alquiler,PD41949PQ,16.76
2024-T2,SAN MIGUEL,precio_alquiler,PD41949PQ,17.43
2024-T3,SAN MIGUEL,precio_alquiler,PD41949PQ,15.2
2024-T4,SAN MIGUEL,precio_alquiler,PD41949PQ,15.83
2025-T1,SAN MIGUEL,precio_alquiler,PD41949PQ,15.0
2025-T2,SAN MIGUEL,precio_alquiler,PD41949PQ,16.01
2025-T3,SAN MIGUEL,precio_alquiler,PD41949PQ,15.29
2025-T4,SAN MIGUEL,precio_alquiler,PD41949PQ,16.89
2026-T1,SAN MIGUEL,precio_alquiler,PD41949PQ,17.45
2018-T1,SANTIAGO DE SURCO,precio_alquiler,PD41950PQ,19.15
2018-T2,SANTIAGO DE SURCO,precio_alquiler,PD41950PQ,18.0
2018-T3,SANTIAGO DE SURCO,precio_alquiler,PD41950PQ,17.83
2018-T4,SANTIAGO DE SURCO,precio_alquiler,PD41950PQ,19.79
2019-T1,SANTIAGO DE SURCO,precio_alquiler,PD41950PQ,19.22
2019-T2,SANTIAGO DE SURCO,precio_alquiler,PD41950PQ,18.72
2019-T3,SANTIAGO DE SURCO,precio_alquiler,PD41950PQ,19.02
2019-T4,SANTIAGO DE SURCO,precio_alquiler,PD41950PQ,19.18
2020-T1,SANTIAGO DE SURCO,precio_alquiler,PD41950PQ,18.11
2020-T2,SANTIAGO DE SURCO,precio_alquiler,PD41950PQ,19.34
2020-T3,SANTIAGO DE SURCO,precio_alquiler,PD41950PQ,21.76
2020-T4,SANTIAGO DE SURCO,precio_alquiler,PD41950PQ,21.62
2021-T1,SANTIAGO DE SURCO,precio_alquiler,PD41950PQ,21.13
2021-T2,SANTIAGO DE SURCO,precio_alquiler,PD41950PQ,22.65
2021-T3,SANTIAGO DE SURCO,precio_alquiler,PD41950PQ,23.73
2021-T4,SANTIAGO DE SURCO,precio_alquiler,PD41950PQ,23.62
2022-T1,SANTIAGO DE SURCO,precio_alquiler,PD41950PQ,20.03
2022-T2,SANTIAGO DE SURCO,precio_alquiler,PD41950PQ,21.33
2022-T3,SANTIAGO DE SURCO,precio_alquiler,PD41950PQ,20.44
2022-T4,SANTIAGO DE SURCO,precio_alquiler,PD41950PQ,20.11
2023-T1,SANTIAGO DE SURCO,precio_alquiler,PD41950PQ,19.84
2023-T2,SANTIAGO DE SURCO,precio_alquiler,PD41950PQ,19.87
2023-T3,SANTIAGO DE SURCO,precio_alquiler,PD41950PQ,19.28
2023-T4,SANTIAGO DE SURCO,precio_alquiler,PD41950PQ,19.74
2024-T1,SANTIAGO DE SURCO,precio_alquiler,PD41950PQ,19.0
2024-T2,SANTIAGO DE SURCO,precio_alquiler,PD41950PQ,19.76
2024-T3,SANTIAGO DE SURCO,precio_alquiler,PD41950PQ,18.19
2024-T4,SANTIAGO DE SURCO,precio_alquiler,PD41950PQ,17.5
2025-T1,SANTIAGO DE SURCO,precio_alquiler,PD41950PQ,18.59
2025-T2,SANTIAGO DE SURCO,precio_alquiler,PD41950PQ,16.74
2025-T3,SANTIAGO DE SURCO,precio_alquiler,PD41950PQ,17.72
2025-T4,SANTIAGO DE SURCO,precio_alquiler,PD41950PQ,19.82
2026-T1,SANTIAGO DE SURCO,precio_alquiler,PD41950PQ,18.15
2018-T1,SURQUILLO,precio_alquiler,PD41951PQ,17.2
2018-T2,SURQUILLO,precio_alquiler,PD41951PQ,16.73
2018-T3,SURQUILLO,precio_alquiler,PD41951PQ,14.86
2018-T4,SURQUILLO,precio_alquiler,PD41951PQ,17.04
2019-T1,SURQUILLO,precio_alquiler,PD41951PQ,15.99
2019-T2,SURQUILLO,precio_alquiler,PD41951PQ,14.48
2019-T3,SURQUILLO,precio_alquiler,PD41951PQ,16.24
2019-T4,SURQUILLO,precio_alquiler,PD41951PQ,15.79
2020-T1,SURQUILLO,precio_alquiler,PD41951PQ,15.52
2020-T2,SURQUILLO,precio_alquiler,PD41951PQ,14.53
2020-T3,SURQUILLO,precio_alquiler,PD41951PQ,18.23
2020-T4,SURQUILLO,precio_alquiler,PD41951PQ,17.43
2021-T1,SURQUILLO,precio_alquiler,PD41951PQ,18.88
2021-T2,SURQUILLO,precio_alquiler,PD41951PQ,18.93
2021-T3,SURQUILLO,precio_alquiler,PD41951PQ,20.63
2021-T4,SURQUILLO,precio_alquiler,PD41951PQ,19.35
2022-T1,SURQUILLO,precio_alquiler,PD41951PQ,16.9
2022-T2,SURQUILLO,precio_alquiler,PD41951PQ,18.09
2022-T3,SURQUILLO,precio_alquiler,PD41951PQ,18.27
2022-T4,SURQUILLO,precio_alquiler,PD41951PQ,17.38
2023-T1,SURQUILLO,precio_alquiler,PD41951PQ,17.47
2023-T2,SURQUILLO,precio_alquiler,PD41951PQ,16.36
2023-T3,SURQUILLO,precio_alquiler,PD41951PQ,16.36
2023-T4,SURQUILLO,precio_alquiler,PD41951PQ,16.55
2024-T1,SURQUILLO,precio_alquiler,PD41951PQ,16.46
2024-T2,SURQUILLO,precio_alquiler,PD41951PQ,17.03
2024-T3,SURQUILLO,precio_alquiler,PD41951PQ,15.14
2024-T4,SURQUILLO,precio_alquiler,PD41951PQ,16.24
2025-T1,SURQUILLO,precio_alquiler,PD41951PQ,16.87
2025-T2,SURQUILLO,precio_alquiler,PD41951PQ,15.06
2025-T3,SURQUILLO,precio_alquiler,PD41951PQ,15.42
2025-T4,SURQUILLO,precio_alquiler,PD41951PQ,14.41
2026-T1,SURQUILLO,precio_alquiler,PD41951PQ,14.97
