etapa,distrito,expediente,fecha_inicio,fecha_emision,modalidad,zonificacion,altura,codigo_catastral,uso,valorizacion,solicitante
conformidad,CERCADO DE LIMA,197318-2022,20221124,20220123,C,CZ / RDA,20,10.045.022,VIVIENDA MULTIFAMILIAR,0,
conformidad,CERCADO DE LIMA,209692-2022,20221215,20220126,C,CM,3,10.131.002,LOCAL COMERCIAL,0,
conformidad,CERCADO DE LIMA,6239-2023,20230111,20220127,C,ZTE - 1 ZTE - 2,1,04.069.001,SIN ESPECIFICAR,0,
conformidad,CERCADO DE LIMA,203945-2022,20221205,20221205,A,CM,2,10.041.013,SIN ESPECIFICAR,0,
conformidad,CERCADO DE LIMA,214738-2022,20221223,20221223,A,ZT,2,20.071.008,SIN ESPECIFICAR,0,
conformidad,CERCADO DE LIMA,193542-2022,20221118,20230109,C,ZTE-3,2,06.006.009,SIN ESPECIFICAR,0,
conformidad,CERCADO DE LIMA,192300-2022,20221117,20230118,C,OU,4,15.040.025,LOCAL INSTITUCIONAL,0,
conformidad,CERCADO DE LIMA,193561 - 2022,20221118,20230306,C,CM-RDA,"20 PISOS,2 SOTANOS, SEMISOTANO",20.019.007,MULTIFAMILIAR,0,
conformidad,CERCADO DE LIMA,38144 - 2023,20230302,20230308,A,CM,3,20.078.015,SIN ESPECIFICAR,0,
conformidad,CERCADO DE LIMA,213229 - 2022,20221221,20230328,C,ZTE-1,"4 PISOS, SOTANO, AZOTEA",5.031.004,AGENCIA BANCARIA,0,
conformidad,CERCADO DE LIMA,38691-2023,20230302,20230410,C,CM-RDA,20 PISOS,4.038.014,VIVIENDA MULTIFAMILIAR,0,
conformidad,CERCADO DE LIMA,25130-2023,20230209,20230419,C,RDA,15 PISOS,20.030.011,VIVIENDA MULTIFAMILIAR,0,
conformidad,CERCADO DE LIMA,27479-2023,20230518,20230518,C,CZ,7 PISOS Y AZOTEA,14.021.016,COMERCIO Y OFICINAS,0,
conformidad,CERCADO DE LIMA,97671-2023,20230529,20230518,A,RDM,0,42.552.749,SIN ESPECIFICAR,0,
conformidad,CERCADO DE LIMA,99645-2023,20230601,20230601,A,RDM,02 PISOS,42.551.677,DEMOLICIÓN,0,
conformidad,CERCADO DE LIMA,113027-2023,20230623,20230710,A,RDM,0,42.560.858,DEMOLICIÓN,0,
conformidad,CERCADO DE LIMA,111789-2023,20230622,20230710,A,CZ,0,42.562.036,DEMOLICIÓN,0,
conformidad,CERCADO DE LIMA,104422-2023,20230609,20230710,C,ZTE-1,1,42.555.161,COMERCIO,0,
conformidad,CERCADO DE LIMA,102277-2023,20230606,20230711,C,CM,20,42.561.984,EDIFICIO MULTIFAMILIAR,0,
conformidad,CERCADO DE LIMA,109186-2023,20230616,20230712,C,CZ,4,42.557.454,ALMACEN Y OFICINAS,0,
conformidad,CERCADO DE LIMA,116270-2023,20230703,20230713,B,CV,0,42.543.764,DEMOLICIÓN,0,
conformidad,CERCADO DE LIMA,152170-2023,20230829,20230915,A,RDM,02 PISOS,42.551.885,DEMOLICIÓN,0,
conformidad,CERCADO DE LIMA,128951-2023,20230721,20230921,A,CM,02 PISOS,42.561.864,DEMOLICIÓN,0,
conformidad,CERCADO DE LIMA,152170-2023,20230829,20231030,A,RDM,3 PISOS,12.028.010,VIVIENDA,0,
conformidad,CERCADO DE LIMA,169620-2023,20230922,20231117,A,ZTE-1,1 PISO,5.029.010,COMERCIO,0,
conformidad,CERCADO DE LIMA,175646-2023,20231002,20231130,A,ZTE-1,2 PISOS,5.051.021,COMERCIO,0,
conformidad,CERCADO DE LIMA,109186-2023,20230620,20231215,CON VARIACION,I2,4 pisos - 1 sotano,13.043.001,INDUSTRIA LIVIANA,0,
conformidad,CERCADO DE LIMA,164799-2023,20230918,20231229,CON VARIACIÓN,VT / CV,20 PISOS,14.035.021,VIV. MULTIFAMILIAR,0,
conformidad,CERCADO DE LIMA,226722-2023,20231213,20240103,A,RDA,0,19.071.048,SIN ESPECIFICAR,42634.72,
conformidad,CERCADO DE LIMA,237498-2023,20231229,20240104,A,CM,0,9.059.007,SIN ESPECIFICAR,204101.52,
conformidad,CERCADO DE LIMA,26646-2023,20230210,20240104,C,ZTE-1,4,5.061.002,COMERCIO Y OFICINAS,2442968.27,
conformidad,CERCADO DE LIMA,2790-2024,20240105,20240109,C,ZTE-1,32,15.026.001,OFICINAS,356252.82,
conformidad,CERCADO DE LIMA,2404-2024,20240105,20240109,C,ZTE-3,3,7.005.029,PLAYA DE ESTACIONAMIENTO,2574608.79,
conformidad,CERCADO DE LIMA,112929-2023,20230623,20240110,C,ZTE-2,3,6.046.025,SIN ESPECIFICAR,682792.51,
conformidad,CERCADO DE LIMA,3722-2024,20240108,20240112,C,CZ,59.85ML,11.003.002,COMERCIO-VIVIENDA MULTIFAMILIAR,40570.45,
conformidad,CERCADO DE LIMA,109057-2023,20230616,20240116,D,I2,2,8.050.016,INDUSTRIA LIVIANA,50326652,
conformidad,CERCADO DE LIMA,146855-2023,20230822,20240117,C,RDA,15,20.053.002,VIVIENDA MULTIFAMILIAR,11409500.42,
conformidad,CERCADO DE LIMA,5839-2024,20240110,20240119,A,CM,0,20.041.017,SIN ESPECIFICAR,563989.51,
conformidad,CERCADO DE LIMA,3369-2024,20240105,20240119,A,RDA,0,20.064.001,SIN ESPECIFICAR,253778.4,
conformidad,CERCADO DE LIMA,10660-2024,20240116,20240119,C,CM,22,9.059.005,CONJUNTO RESIDENCIAL - ETAPA 4,219190.23,
conformidad,CERCADO DE LIMA,11399-2024,20240117,20240119,C,ZTE-1,2,5.040.003,LOCAL INSTITUCIONAL (OFICINAS),265561.66,
conformidad,CERCADO DE LIMA,63690-2023,20230411,20240122,B,RDM,0,12.078.021,VIVIENDA MULTIFAMILIAR,62607.16,
conformidad,CERCADO DE LIMA,16351-2024,20240123,20240131,A,CM,0,20.034.007,SIN ESPECIFICAR,4977.28,
conformidad,CERCADO DE LIMA,199921-2023,20231106,20240201,C,RDM,6,11.016.019,VIVIENDA MULTIFAMILIAR,1255106.86,
conformidad,CERCADO DE LIMA,23304-2024,20240131,20240202,B,RDM,4,12.008.003,SIN ESPECIFICAR,1103737.35,
conformidad,CERCADO DE LIMA,21770-2024,20240130,20240202,C,CM,22,20.041.017,VIVIENDA MULTIFAMILIAR Y COMERCIO,10576.16,
conformidad,CERCADO DE LIMA,237205-2023,20231228,20240206,C,CM,22,20.035.020,VIVIENDA MULTIFAMILIAR,68764000,
conformidad,CERCADO DE LIMA,207263-2023,20231115,20240214,C,RDM,8,19.052.034,VIVIENDA MULTIFAMILIAR,1931636.25,
conformidad,CERCADO DE LIMA,32602-2024,20240213,20240221,A,RDM,2,8.059.026,SIN ESPECIFICAR,111834.96,
conformidad,CERCADO DE LIMA,171528-2023,20230926,20240223,C,CZ,27,15.066.017,VIVIENDA MULTIFAMILIAR Y COMERCIO,31430499.7,
conformidad,CERCADO DE LIMA,39986-2024,20240222,20240227,A,CM,1,10.027.006,SIN ESPECIFICAR,160526.74,
conformidad,CERCADO DE LIMA,34947-2024,20240215,20240227,C,ZTE-1,2,5.015.010,VIVIENDA MULTIFAMILIAR Y COMERCIO,18557.21,
conformidad,CERCADO DE LIMA,36897-2024,20240219,20240228,C,CZ,22,11.003.002,VIVIENDA MULTIFAMILIAR Y COMERCIO,158870.12,
conformidad,CERCADO DE LIMA,43669-2024,20240228,20240228,C,CM,2,10.040.014,ALMACENES,1774671.34,
conformidad,CERCADO DE LIMA,45492-2024,20240301,20240306,C,ZTE-1,3,5.017.001,TIENDAS COMERCIALES Y HOSPEDAJE,759627.7,
conformidad,CERCADO DE LIMA,44954-2024,20240229,20240306,A,RDM,3,17.062.024,VIVIENDA UNIFAMILIAR,6313.45,
conformidad,CERCADO DE LIMA,39550-2024,20240222,20240306,A,CZ,1,18.001.032,SIN ESPECIFICAR,399933309,
conformidad,CERCADO DE LIMA,46085-2024,20240301,20240306,A,CM,2,20.007.078,SIN ESPECIFICAR,110758.51,
conformidad,CERCADO DE LIMA,26774-2024,20240206,20240307,"B
(REVISORES URBANOS)",CM,22,9.059.005,SIN ESPECIFICAR,2645644.39,
conformidad,CERCADO DE LIMA,6666-2024,20240111,20240308,B,RDM,5,17.067.018,VIVIENDA MULTIFAMILIAR,561059.04,
conformidad,CERCADO DE LIMA,74654-2023,20230504,20240308,B,CZ,2,16.024.004,SIN ESPECIFICAR,509.27,
conformidad,CERCADO DE LIMA,47867-2024,20230305,20240308,A,I2,1,8.050.044,SIN ESPECIFICAR,180614.66,
conformidad,CERCADO DE LIMA,44190-2024,20240228,20240311,"C 
(REVISORES URBANOS)",CV,11,17.041.005,COMERCIO Y CONJUNTO RESIDENCIAL,1326554,
conformidad,CERCADO DE LIMA,35214-2024,20240216,20240311,A,RDA,1,01-20-054-006,SIN USO,"S/ 17,841.10",
conformidad,LIMA CERCADO,35214-2024,20240216,20240311,A,RDA,1,01-20-054-006,SIN USO,"S/ 17,841.10",
conformidad,CERCADO DE LIMA,51163-2024,20240308,20240313,"C 
(REVISORES URBANOS)",CM,1,20.050.010,LOCAL INSTITUCIONAL,287895.65,
conformidad,CERCADO DE LIMA,1094-2024,20240103,20240313,D,CM,1,10.035.011,ESTACION DE SERVICIO GASOCENTRO,15000,
conformidad,CERCADO DE LIMA,54591-2024,20240313,20240313,A,CZ,2,01-15-056-001,SIN USO,"S/ 564,081.24",
conformidad,LIMA CERCADO,54591-2024,20240313,20240313,A,CZ,2,01-15-056-001,SIN USO,"S/ 564,081.24",
conformidad,CERCADO DE LIMA,18042-2024,20240125,20240314,A,RDA,1,01-20-053-002,SIN USO,"S/ 269,573.55",
conformidad,LIMA CERCADO,18042-2024,20240125,20240314,A,RDA,1,01-20-053-002,SIN USO,"S/ 269,573.55",
conformidad,CERCADO DE LIMA,218795-2023,20231130,20240315,C,ZTE-1,2,5.010.018,GALERIA COMERCIAL (EXISTENTE),934135.63,
conformidad,CERCADO DE LIMA,18496-2024,20240125,20240315,A,RDM,3,01-17-063-010,SIN USO,"S/ 17,250.00",
conformidad,LIMA CERCADO,18496-2024,20240125,20240315,A,RDM,3,01-17-063-010,SIN USO,"S/ 17,250.00",
conformidad,CERCADO DE LIMA,237574-2023,20231229,20240322,C,CM,4,15.026.001,"GALERIAL FERIAL
(EXISTENTE)",4364689.19,
conformidad,CERCADO DE LIMA,202485-2023,20231108,20240322,C,ZTE-3,4,6.029.001,COMERCIO,3464294,
conformidad,CERCADO DE LIMA,188141-2023,20231019,20240322,C,ZTE-1,32,15.026.001,COMERCIO,265551.37,
conformidad,CERCADO DE LIMA,108200-2024,20240529,20240529,A,CM,0,01-20-069-020,SIN USO,"S/ 21,932.28",
conformidad,LIMA CERCADO,108200-2024,20240529,20240529,A,CM,0,01-20-069-020,SIN USO,"S/ 21,932.28",
conformidad,CERCADO DE LIMA,90187-2024,20240506,20240617,C,CM,0,01-08-065-006,SIN USO,"S/ 701,121.98",
conformidad,LIMA CERCADO,90187-2024,20240506,20240617,C,CM,0,01-08-065-006,SIN USO,"S/ 701,121.98",
conformidad,CERCADO DE LIMA,121359-2024,20240617,20240628,C,CM,0,01-20-002-011,SIN USO,"S/ 401,535.11",
conformidad,LIMA CERCADO,121359-2024,20240617,20240628,C,CM,0,01-20-002-011,SIN USO,"S/ 401,535.11",
conformidad,LIMA CERCADO,101791-2024,20240522,20240711,C,CM,22,120035020,VIVIENDA MULTIFAMILIAR,13 060 713.23,
conformidad,LIMA CERCADO,108200-2024,20240529,20240718,A,CM,,120069020,TERRENO SIN CONSTRUIR,21 932.28,
conformidad,LIMA CERCADO,129821-2024,20240627,20240718,C,CZ,23,111003002,VIVIENDA MULTIFAMILIAR,24 174 302.55,
conformidad,LIMA CERCADO,50685-2024,20240620,20240812,C,CZ,3,118037011,COMERCIO,116 382.17,
conformidad,LIMA CERCADO,129231-2024,20240627,20240814,C,CM,17,120050020,VIVIENDA MULTIFAMILIAR,11 137 406.50,
conformidad,LIMA CERCADO,134768-2024,20240704,20240823,C,RDM,5,111012024,VIVIENDA MULTIFAMILIAR,761 927.47,
conformidad,LIMA CERCADO,105844-2024,20240527,20240909,C,CM,17,O120078007,VIVIENDA MULTIFAMILIAR,5 179 596.87,
conformidad,LIMA CERCADO,167125-2024,20240813,20240923,A,CZ,,O120067002,TERRENO SIN CONSTRUIR,564 134.06,
conformidad,LIMA CERCADO,191093-2024,20240912,20241003,C,RDM,6,120065022,VIVIENDA MULTIFAMILIAR,787 874.15,
conformidad,LIMA CERCADO,148063-2024,20240718,20241030,C,CZ,20,120065022,VIVIENDA MULTIFAMILIAR,114 569.88,
conformidad,LIMA CERCADO,223042-2024,20241025,20241127,A,RDM,,111012024,VIVIENDA MULTIFAMILIAR,160 286.95,
conformidad,LIMA CERCADO,228731-2024,20241104,20241220,C,CM,20,120051004,VIVIENDA MULTIFAMILIAR,18 578 069.86,
licencia,CERCADO DE LIMA,217983-2023,29.11.2023,04.12.2023,B,RDM,--,12-019-004,VIVIENDA MULTIFAMILIAR,"S/ 1,253,055.67","WILLY ALFRFEDO AVILA FRANCIA
ROMI CAROLINA DIAZ ALVAREZ"
licencia,CERCADO DE LIMA,219030-2023,30.11.2023,06.12.2023,A,CM,--,10-040-013,--,"S/ 40,215.08",CONAFOVICER
licencia,CERCADO DE LIMA,220696-2023,04.12.2023,11.12.2023,A,CZ,--,15-056-001,--,"S/ 564,081.29",ASOCIACIÓN CULTURAL BRISAS DEL TITICACA
licencia,CERCADO DE LIMA,160348-2022,30.09.2022,12.12.2023,C,CM,3 PISOS,20-002-011,--,"S/ 321,600.75",UNIVERSIDAD TECNOLOGICA DEL PERU S.A.C.
licencia,CERCADO DE LIMA,158060-2023,07.09.2023,13.12.2023,B,RDM,--,17-062-004,VIVIENDA MULTIFAMILIAR,"S/ 271,964.14","SILVIA CECILIA HUAYTALLA CORDOVA
RONALD EDSON PEREZ MAITA"
licencia,CERCADO DE LIMA,223304-2023,06.12.2023,13.12.2023,D,I2,3 PISOS,08-044-023,INDUSTRIA,"S/ 251,848.47",RUDOLF REIMSAC S.A.C.
licencia,CERCADO DE LIMA,224380-2023,11.12.2023,15.12.2023,C,CZ-RDA,3 SÓT. + 20 PISOS + AZOTEA,20-038-004,CONJUNTO RESIDENCIAL - ETAPA 2,"S/ 9´468,597.49",TM GESTION INMOBILIARIA S.A.C.
licencia,CERCADO DE LIMA,185003-2023,16.10.2023,15.12.2023,C,RDM,5 PISOS + AZOTEA,17-071-006,VIVIENDA MULTIFAMILIAR,"S/ 428,302.93","SALAZAR ASCARATE JORGE ANTONIO Y
YSABEL FELIPA NEIRA REYES"
licencia,CERCADO DE LIMA,228200-2023,14.12.2023,18.12.2023,A,RDM,--,17-033-018,--,"S/ 18,954.60",ROMAN SIXTO SOLANO GARAMENDI
licencia,CERCADO DE LIMA,149785-2023,25.08.2023,18.12.2023,C,CZ,7 SÓT. + 30 PISOS + AZOTEA,20-040-008,VIVIENDA MULTIFAMILIAR,"S/ 49´431,492.40",CONSTRUCTORA E INMOBILIARIA BRAZIL S.A.C.
licencia,CERCADO DE LIMA,227060-2023,13.12.2023,18.12.2023,C,RDM,5 PISOS,17-054-006,VIVIENDA MULTIFAMILIAR,"S/ 179,978.92",AYALA FLORES ENRIQUE FEDERICO
licencia,CERCADO DE LIMA,124844-2023,14.07.2023,20.12.2023,C,CM,1 SÓT. + 22 PISOS,09-059-013,CONJUNTO RESIDENCIAL - ETAPA 1,"S/ 87´454,805.46",INVERSIONES INMOBILIARIAS DE LA HISPANIA S.A.
licencia,CERCADO DE LIMA,186457-2023,/,20220413,D,ZTE-1,7.59ML,5069001,ACONDICIONAMIENTO,"S/.52,783.19","HURON EQUITIES INC, SUCURSAL EN EL PERU"
licencia,CERCADO DE LIMA,213915 - 2022,20221222,20221223,A,0,2 + AZOTEA,,-,S/D,ORTIZ ZEVALLOS ALVAREZ JENNY MARGARITA
licencia,CERCADO DE LIMA,1675-2023,20230104,20230107,R.U,0,0,0,EDUCACION,S/D,ASOCIACION SACO OLIVEROS
licencia,CERCADO DE LIMA,3312-2023,20230106,20230108,A,0,1,19.012.021,-,S/D,SHAOMING LIU
licencia,CERCADO DE LIMA,3312-2023,20230106,20230108,A,0,1,19.02.021,-,S/D,SHAOMING LIU
licencia,CERCADO DE LIMA,1593-2023,20230104,20230109,R.U,0,0,0,,S/D,PROMOTORA ALBAGEIN SOCIEDAD ANONIMA CERRADA
licencia,CERCADO DE LIMA,7331-2023,20230112,20230118,R.U,0,0,08.020.017,,S/D,COMPAÑIA NACIONAL DE CHOCOLATES DE PERU S.A.
licencia,CERCADO DE LIMA,10331 -2023,20230117,"20230119, 20230223",A,RDA,3,20-039-010,-,S/D,FLORES HUAMAN YUBER JESUS
licencia,CERCADO DE LIMA,12911-2023,20230123,20230123,R.U,0,0,18.003.002,VIVIENDA MULTIFAMILIAR,S/D,LOS PORTALES DEPARTAMENTOS
licencia,CERCADO DE LIMA,177630-2022,20221025,20230126,C,ZTE-1,3 PISOS,05-010-2017,0,S/.0.00,BENJAMIN ROLANDO ZARATE COLLADO
licencia,CERCADO DE LIMA,105906-2022,20220704,20230126,C,I2,0,08-004-002 / 08-004-008,INDUSTRIA,S/.0.00,SAN MIGUEL INDUSTRIAS PET S.A.
licencia,CERCADO DE LIMA,204377-2022,20221205,20230126,C,RDM,0,10-90-45-027,OFICINAS / ALMACEN,S/.0.00,CORPORACION POWER ACOUSTIK S.A.C.
licencia,CERCADO DE LIMA,176658-2022,20221024,20230126,C,CM,53.05,09-059-005,CONJUNTO RESIDENCIAL,S/.0.00,BESCO S.A.C.
licencia,CERCADO DE LIMA,17528-2023,20230127,20230201,A,RDM,0,19-012-021,TERRENO SIN CONSTRUIR,S/D,CLAUDIA PATRICIA VALLADARES HUERTA y  JULIO EDUARDO POZO SANCHEZ
licencia,CERCADO DE LIMA,17303 - 2023,20230127,20230209,A,CM,1,10-021-010,-,S/D,CALDERON GUTIERREZ JESSICA DEICY
licencia,CERCADO DE LIMA,25541-2023,20230209,20230210,A,E,3,16-055-002,INSTITUCIÓN EDUCATIVA ESTATAL,S/D,UNIDAD DE GESTIÓN EDUCATIVA LOCAL 03
licencia,CERCADO DE LIMA,25755-2023,20230209,20230210,A,E1,3,10-002-007,INSTITUCIÓN EDUCATIVA ESTATAL,S/D,UNIDAD DE GESTIÓN EDUCATIVA LOCAL 03
licencia,CERCADO DE LIMA,25630-2023,20230209,20230210,A,E1,3,10-034-011,INSTITUCIÓN EDUCATIVA ESTATAL,S/D,UNIDAD DE GESTIÓN EDUCATIVA LOCAL 03
licencia,CERCADO DE LIMA,25644-2023,20230209,20230210,A,E1,,09-024-011,INSTITUCIÓN EDUCATIVA ESTATAL,S/D,UNIDAD DE GESTIÓN EDUCATIVA LOCAL 03
licencia,CERCADO DE LIMA,29764-2023,20230216,20230221,A,I2,0,08-042-021,TERRENO SIN CONSTRUIR,S/D,E & M S.R.L.
licencia,CERCADO DE LIMA,33604-2023,20230222,20230228,C,CM,1,20-078-007,VIVIENDA MULTIFAMILIAR,S/D,CHECOR PETIT THOUARS SAC.
licencia,CERCADO DE LIMA,189992 - 2022,20221115,20230228,C,ZTE-2,5.6,15-024-014,OFICINAS y ESTACIONAMIENTOS,S/.0.00,GIAN MICHAEL LEON ZORRILLA
licencia,CERCADO DE LIMA,57800 - 2022,20220411,20230308,C,ZTE-3,3 PISOS,06-064-001,COMERCIO Y OFICINA,"S/.111,649.56",YABAÑEZ VELASQUEZ CARMEN ROSA
licencia,CERCADO DE LIMA,40741-2023,20230306,20230310,"C
REVISOR URBANO",ZTE-1,,05-047-003,COMERCIO,"S/ 1,063,312.21",PRIMA FITNESS S.A.C.
licencia,CERCADO DE LIMA,40387-2023,20230306,20230313,A,RDM,..,19-069-006,.,"S/.13,998.56",LILIANA LIJIA TORRES COSTA Y CARLOS ANTONIO FANARRAGA VALENZUELA
licencia,CERCADO DE LIMA,44139-2022,20230310,20230313,D,"CZ
RDA",,"20-062-011
20-062-010
20-062-008",.,"S/.5,649,157.01",ASOCIACION SACO OLIVEROS
licencia,CERCADO DE LIMA,45085-2023,20230313,20230316,C,CV,..,17-041-005,.,"S/.24,635,679.56",PROYECTO CANTABRIA 03 SAC
licencia,CERCADO DE LIMA,199490-2022,20230313,20230316,B,RDM,.,18-009-005,.,"S/.13,486.50",HUAMAN PFARI SILVESTRE
licencia,CERCADO DE LIMA,197457 - 2022,20221124,20230316,C,ZTE-2,1 PISO,04-056-004,CLUB SOCIAL DEPORTIVO,"S/.188,833.00",FL SOLUCIONES INTEGRALES SRL
licencia,CERCADO DE LIMA,196221-2022,20221123,20230320,B,RDM,,19-011-029,.,"S/.67,201.55",ISMAEL LEONIDAS MUÑANTE MONROY Y MARITZA SENAIDA VILLANUEVA MASGO
licencia,CERCADO DE LIMA,66822-2020,20230227,20230321,A,RDM,..,12-056-016,.,,LEZLY MARY MORALES CHALCO Y JOSE VIDAL HUARCAYA
licencia,CERCADO DE LIMA,52702-2023,20230306,20230327,"C
REVISOR URBANO",ZTE-1,..,15-026-001,OFICINAS,"S/ 1,218,997.85",SERVICIOS DE CALL CENTER DEL PERÚ S.A.
licencia,CERCADO DE LIMA,209067 - 2022,20221214,20230328,C,OU,2 PISOS,05-036-022,CENTRO CULTURAL,"S/.29,000,036.00",PONTIFICIA UNIVERSIDAD CATOLICA DEL PERU
licencia,CERCADO DE LIMA,50916 - 2023,20230321,20230329,C,RDM,SSÓT. + 5 PISOS + AZOTEA,13-063-019,VIVIENDA MULTIFAMILIAR,"S/.1,160,775.44","ALFREDO VALDEZ RUIZ 
JACQUELINE VERA ROQUE"
licencia,CERCADO DE LIMA,55178-2023,20230328,20230331,C,CM,,20-070-013,.,"S/.176,158.57","FELIXANGEL WONG LAU
LO MIGUEL WONG LAU"
licencia,CERCADO DE LIMA,55683-2023,20230328,20230331,C,I2,..,08-064-015,.,"S/.980,821.96",ALFRED H KNIGHT DEL PERU SAC
licencia,CERCADO DE LIMA,213541 - 2022,20221221,20230331,C,CM,5 SÓT. + 20 PISOS + AZOTEA,20-051-004,COMERCIO Y VIVIENDA MULTIFAMILIAR,"S/.155,550.22",INVERSIONES INMOBILIARIAS DE PACASMAYO SA
licencia,CERCADO DE LIMA,55865-2023,20230328,20230403,A,CZ,..,12078027,"ESTACIÓN E-08 ""ELIO""","S/.388,560.20",METRO DE LIMA LINEA 2 S.A.
licencia,CERCADO DE LIMA,59290-2023,20230403,20230405,A,CZ,..,18001030,..,"S/.4,863,757.94",MINISTERIO DE DEFENSA - MARINA DE GUERRA DEL PERU
licencia,CERCADO DE LIMA,56912-2023,20230329,20230410,A,CZ,..,20039013,..,"S/.79,526.71",MG HABITAT S.A.C.
licencia,CERCADO DE LIMA,60454-2023,20230404,20230411,A,RDM,..,2062002,..,"S/.25,000.00",EUGENIO RAUL SOLIS CARDOZO
licencia,CERCADO DE LIMA,61223-2023,20230405,20230411,A,CM,..,16026006,..,"S/.78,258.99",BENDEZU COELLO PLINEO Y CALDERON ANYOSA LELIS BERNARDINA
licencia,CERCADO DE LIMA,64261-2023,20230412,20230414,A,RDM,..,11015017,..,"S/.14,936.02",CYNTHIA CARRILLO QUINTE Y ARMANDO CARRILLO QUINTE
licencia,CERCADO DE LIMA,26451-2023,20230210,20230417,C,ZTE-3,3.50ML,106083011,DEMOLICIÓN TOTAL,"S/.8,000.00","PROMOTORA, CONSTRUCCIONES, PROYECTOS y FINANZAS S.A.C."
licencia,CERCADO DE LIMA,68849-2023,20230419,20230420,A,VT,..,14046018,..,"S/.352,787.56",RENZO DANTE COSTA BUSTAMANTE Y JUAN JOSÉ FARREL BUSTAMANTE
licencia,CERCADO DE LIMA,69612-2023,20230420,20230421,A,RDM,..,17053033,..,"S/.26,510.00","MIGUEL ANGEL BECERRA AREVALO, JAIME EDGARDO BECERRA AREVALO Y MARÍA IRMA AREVAO CARRILLO DE BECERRA"
licencia,CERCADO DE LIMA,70574-2023,20230421,20230424,A,CM,..,20069020,..,"S/.21,932.28",PROMSAL S.A.C.
licencia,CERCADO DE LIMA,24738-2023,20230208,20230426,C,ZTE-1,12.31ML,1015006,COMERCIO y OFICINA,"S/.2,300,080.02",FUNDACION IGNACIA R. Vda. de CANEVARO
licencia,CERCADO DE LIMA,74458-2023,20230427,20230502,A,RDM,--,17-071-017,--,"S/.38,067.12",JUAN ALEJANDRO SIGUAS RAMOS
licencia,CERCADO DE LIMA,75061-2023,20230502,20230505,D,ZTE-1,2,15-026-002,"COMERCIO
GIMNASIO","S/.1,068,948.00",HOTELES SHERATON DEL PERÚ SAC
licencia,CERCADO DE LIMA,76899-2023,20230503,20230508,A,I2,--,09-051-007,--,"S/.19,023.00","JENNY HUAMAN ANAYA, HENRRY CECILIO GAMARRA RÍOS Y MIGUEL ANGELINO HUAMAN  ANAYA"
licencia,CERCADO DE LIMA,211216-2022,20221219,20230510,C,CZ,15,20-071-008,VIVIENDA MULTIFAMILIAR,"S/.5,350,309.18",CHECOR INVERSIONES SAC
licencia,CERCADO DE LIMA,166220-2022,20221012,20230510,D,I2,3,14-054-001,ALMACEN (PRODUCCION + OFICINA),"S/.1,083,374.55",RENZO COSTA SAC
licencia,CERCADO DE LIMA,86575-2023,20230511,20230515,A,CV,--,01-037-011,--,"S/.463,137.35",MIRONES BAJO SA
licencia,CERCADO DE LIMA,87587-2023,20230512,20230516,A,CV,--,08-049-003,--,"S/.191,960.38",QUE TAL COMPRA DEL PERU SAC
licencia,CERCADO DE LIMA,3291-2023,20230106,20230519,B,RDM,.,17-055-013,VIVIENDA MULTIFAMILIAR,,RAMIREZ ROSALES BALDOMERO
licencia,CERCADO DE LIMA,90279-2023,20230517,20230522,A,CZ,.,15-066-001,---,"S/.12,484.50",CONSTRUCTURA MARTE SA
licencia,CERCADO DE LIMA,90288-2023,20230517,20230522,A,CZ,,15-066-001,---,"S/.24,993.89",CONSTRUCTURA MARTE SA
licencia,CERCADO DE LIMA,89738-2023,20230516,20230523,A,ZTE-3,--,07-011-027,,"S/.29,719.66",EDWIN ADOLFO LLANQUE ALANOCA
licencia,CERCADO DE LIMA,92065-2023,20230519,20230524,A,RDM,.,18-025-019,---,"S/.168,470.04",GUERRERO PAITAN ALBIA Y PALOMINO RUIZ MIGUEL
licencia,CERCADO DE LIMA,208271-2023,20221213,20230529,B,RDM,.,11-014-009,VIVIENDA MULTIFAMILIAR,,ALABA ZAPATA VDA DE IBAÑEZ NORMA ESTHER
licencia,CERCADO DE LIMA,97064-2023,20230526,20230530,A,CM,,09-059-014,---,"S/.1,024,845.54",INVERSIONES INMOBILIARIAS DE LA HISPANIA SA
licencia,CERCADO DE LIMA,97103-2023,20230526,20230530,A,CM,,09-059-013,---,"S/.658,859.04",INVERSIONES INMOBILIARIAS DE LA HISPANIA SA
licencia,CERCADO DE LIMA,67574-2023,20230417,20230531,B,CM,,20-068-009,---,"S/.195,837.06",INMOBILIARIA PARQUE CENTRAL SAC
licencia,CERCADO DE LIMA,31999-2023,20230221,20230601,C,ZTE-2,11 PISOS Y AZOTEA,04-039-003,COMERCIO Y OFICINAS,"S/.16,987.34",COMPAÑÍA DE PROMOCIÓN TURÍSTICA S.A.C. Y URBANIZACIONES POPULARES S.A.C.
licencia,CERCADO DE LIMA,102868-2023,20230607,20230608,A,RDM,--,12-038-021,VIVIENDA UNIFAMILIAR,"S/.83,874.28",WILE YON MEZA MARAVI
licencia,CERCADO DE LIMA,104957-2023,20230609,20230612,A,ZTE-2,--,16-014-010,,"S/.4,137.12",MIU LEI JEAN CARLO
licencia,CERCADO DE LIMA,10630-2023,20230117,20230613,B,RDM,--,17-062-001,VIVIENDA MULTIFAMILIAR,"S/.215,741.75",GUTIERREZ FALCON JANET DIANA
licencia,CERCADO DE LIMA,106343-2023,20230613,20230615,C,CM,2 PISOS,20-070-013,COMERCIO,"S/.7,085.00",WONG LAU FELIZ ANGEL
licencia,CERCADO DE LIMA,108394-2023,20230615,20230619,C,ZTE-2,3 PISOS Y AZOTEA,04-028-013,COMERCIO Y OFICINAS,"S/.497,493.02",DANI MED IMPORT S.A.C.
licencia,CERCADO DE LIMA,111371-2023,20230621,20230622,A,VT,--,14-020-005,--,"S/.28,203.23",EFINOX S.A.C.
licencia,CERCADO DE LIMA,201044-2023,20221130,20230622,C,RDM,6 PISOS,12-054-005,VIVIENDA MULTIFAMILIAR,"S/.489,636.02",CASTRO BRAVO MARTIN EDUARDO NICOLAS
licencia,CERCADO DE LIMA,205728-2022,20221207,20230622,C,ZTE-1,1 PISO,05-029-010,"COMERCIO
(CAFETERÍA)","S/.268,925.00",MAZZONE BRUZZESE NICODEMO
licencia,CERCADO DE LIMA,111754-2023,20230622,20230623,A,RDM,--,13-004-032,VIVIENDA UNIFAMILIAR,"S/.2,295.60",YSAAC MARCIAL SALMA BIRBUETT Y MARLON JULIO MORALES BIRBUETT
licencia,CERCADO DE LIMA,113902-2023,20230626,20230628,C,RDM,5 PISOS Y AZOTEA,19-071-014,VIVIENDA MULTIFAMILIAR,"S/.103,997.09",BORJA CALLE DANNY RICHARD
licencia,CERCADO DE LIMA,78232-2022,20230518,20230704,C,RDM,5 PISOS + AZOTEA,19-051-021,VIVIENDA MULTIFAMILIAR,"S/.523,957.06",COLBERT NIKOLAI PUELLES RUIZ Y GIL GERARDO PUELLES RUIZ
licencia,CERCADO DE LIMA,115418-2023,20230628,20230705,C,CM,SÓT. + 17 PISOS Y AZOTEA,20-078-007,VIVIENDA MULTIFAMILIAR,"S/.57,804.90",CHECOR PETIT THOUARS SAC
licencia,CERCADO DE LIMA,115501-2023,20230628,20230706,A,RDM,---,03-044-008,---,"S/.110,177.16",URSULA LUCY LOPEZ CHUMPI
licencia,CERCADO DE LIMA,71565-2023,20230424,20230710,C,ZTE-2,2 PISOS,15-025-014,---,"S/.63,314.83",LEON ZORRILLA GIAN MICHAEL Y LEON ZORRILLA LESLIE SAMANTA
licencia,CERCADO DE LIMA,120972-2023,20230710,20230713,A,RDA,---,20-032-013,---,"S/.20,000.00",SERVICIO SOCIAL DEL DIRECTOR Y SUPERVISOR
licencia,CERCADO DE LIMA,123664-2023,20230713,20230717,A,CZ,---,20-084-019,VIVIENDA UNIFAMILIAR,"S/.78,491.24",IRIS GUNIVET GAVINO GARCIA
licencia,CERCADO DE LIMA,46773-2023,20230315,20230717,C,ZTE-3,3 PISOS,06-051-008,COMERCIO Y VIVIENDA MULTIFAMILIAR,"S/.269,185.09",ADRIANO CARDENAS GROUP S.A.C.
licencia,CERCADO DE LIMA,66556-2023,20230414,20230717,C,RDM,4 PISOS + TECHO,06-051-008,VIVIENDA MULTIFAMILIAR,"S/.309,535.10",BECERRA AREVALO MIGUEL ANGEL
licencia,CERCADO DE LIMA,123624-2023,20230713,20230717,C,RDM,10 PISOS Y AZOTEA,12-022-015,VIVIENDA MULTIFAMILIAR,"S/.1,818,135.66",RAEDAM S.A.C.
licencia,CERCADO DE LIMA,61694-2023,20230405,20230720,B,RDM,---,17-026-005,VIVIENDA MULTIFAMILIAR,"S/.34,118.70",YOSI OSWALDO CAMPOMANES CASTILLO
licencia,CERCADO DE LIMA,19018-2023,20230131,20230726,D,CM,SÓT. + 3 PISOS Y TECHO,09-057-009,COMERCIO,"S/.2,301,906.38",HUANCOR PERU S.A.C.
licencia,CERCADO DE LIMA,131516-2023,20230726,20230801,A,CZ,--,03-044-008,--,"S/.6,513.81",ALICIA CALLA LARICO
licencia,CERCADO DE LIMA,056284-2023,20230329,20230802,B,RDM,--,02-053-036,--,"S/.25,574.84",VIVANCO MEDINA ROSA ADELAIDA
licencia,CERCADO DE LIMA,035277-2023,20230224,20230802,B,RDM,--,17-068-009,VIVIENDA UNIFAMILIAR,"S/.411,700.21",HINOJOSA GALINDO FREDY
licencia,CERCADO DE LIMA,133983-2023,20230801,20230802,A,VT,--,13-030-001,--,"S/.49,895.83",ASOCIACIÓN IGLESIA ADVENTISTA DEL SÉPTIMO DÍA PERUANA DEL NORTE
licencia,CERCADO DE LIMA,111189-2023,20230621,20230802,D,CM,19.28,"08-004-002
08-004-008",INDUSTRIA,"S/.1,160,790.87",SAN MIGUEL INDUSTRIAS PET S.A.
licencia,CERCADO DE LIMA,134311-2023,20230801,20230807,"C
(REVISOR URBANO)",RDA,--,20-038-004,VIVIENDA MULTIFAMILIAR,"S/.4,663,257.57",ANDES ASESORIA Y CORRETAJE INMOBILIARIOS S.A.C
licencia,CERCADO DE LIMA,135810-2023,20230803,20230808,A,CM,--,10-007-001,--,"S/.109,806.00",ASOCIACIÓN DE COMERCIANTES PROPIETARIOS DE GALERÍA FERIAL LAS MALVINAS
licencia,CERCADO DE LIMA,041664-2023,20230307,20230809,B,RDA,--,13-048-001,VIVIENDA UNIFAMILIAR,"S/.87,611.00",VELASCO CERRON LIA CANDY Y TOVAR ROCA JEFREE
licencia,CERCADO DE LIMA,123033-2023,20230712,20230809,D,OU,6.8,20-042-001,EDUCACIÓN,"S/.13,439.06",GOBIERNO DE LA REPÚBLICA ITALIANA
licencia,CERCADO DE LIMA,137675-2023,20230807,20230810,A,CZ,--,20-040-014,VIVIENDA UNIFAMILIAR,"S/.126,000.00",MARILUZ HUANCACHOQUE DÍAZ
licencia,CERCADO DE LIMA,140051-2023,20230810,20230811,A,RDM,--,17-063-010,--,"S/.43,395.49",ANA KARINA ASTUDILLO CACEDA
licencia,CERCADO DE LIMA,143176-2023,20230816,20230817,A,VT,--,18-031-001,--,"S/.297,466.03",IMPORT & EXPORT OSCAR S.A.C.
licencia,CERCADO DE LIMA,101797-2023,20230605,20230817,C,ZTE-1,32.09,05-058-014,COMERCIO (SUPERMERCADO),"S/.64,966.00",HIPERMERCADOS TOTTUS S.A.
licencia,CERCADO DE LIMA,089853-2023,20230516,20230824,D,I2,--,09-002-001,INDUSTRIA LIVIANA,"S/.801,991.43",ARCA CONTINENTAL LINDLEY S.A.
licencia,CERCADO DE LIMA,026676-2023,20230210,20230824,C,ZTE-1,5.53,05-028-002,COMERCIO (VENTA AL POR MENOR DE PRENDAS DE VESTIR Y CAFETERÍA),"S/.383,938.85",BUSTAMANTE MEJICO MARINA AURORA
licencia,CERCADO DE LIMA,090471-2023,20230517,20230828,C,RDM,10.9,13-003-031,VIVIENDA MULTIFAMILIAR Y COMERCIO,"S/.350,920.36",TORRES POZO SANDRO EDWIN Y ALVARADO CORREA ELISA ELIZABETH
licencia,CERCADO DE LIMA,202838-2022,20221202,20230828,D,ZTE-2,4,07-026-031,ESTACIÓN DE SERVICIO,"S/.61,719.04",VAL TRADING S.A.C.
licencia,CERCADO DE LIMA,153187-2023,20230831,20230907,B,RDM,--,19-036-043,VIVIENDA MULTIFAMILIAR,"S/.1,105,845.21",LOZANOS´S CONSTRUCTION S.A.C.
licencia,CERCADO DE LIMA,151295-2023,20230828,20230907,C,CM,03 PISOS Y AZOTEA,10-023-020,COMERCIO,"S/.7,451,898.95",ASOCIACIÓN DE COMERCIANTES PROPIETARIOS DE GALERÍA FERIAL
licencia,CERCADO DE LIMA,41105-2023,20230307,20230912,C,RDM,10 PISOS,19-036-025,VIVIENDA MULTIFAMILIAR,"S/.2,005,378.82",GUIDO RODRIGO LUCIONI STRUQUE
licencia,CERCADO DE LIMA,119873-2023,20230707,20230915,B,CZ,--,18-001-028,--,"S/.4,444,789.25",INVERSIONES INMOBILIARIAS DEL IGUAZU S.A.
licencia,CERCADO DE LIMA,162734-2023,20230914,20230915,B,RDM,--,17-058-012,VIVIENDA MULTIFAMILIAR,"S/.313,014.54",JESUS ALEXANDER REVAZA ROMAN
licencia,CERCADO DE LIMA,61863-2023,20230405,20230918,C,ZTE-1,11 PISOS,05-046-003,COMERCIO,"S/.75,294.37",INMOBILIARIA E INVERSIONES MAR DEL SUR S.A.
licencia,CERCADO DE LIMA,130416-2023,20230725,20230920,B,CM,--,10-021-010,VIVIENDA UNIFAMILIAR,"S/.144,259.54",JESSICA DEICY CALDERON GUTIERREZ
licencia,CERCADO DE LIMA,165114-2023,20230918,20230920,C,CM,22 PISOS Y AZOTEA,20-068-009,VIVIENDA MULTIFAMILIAR,"S/.27,590,415.39",INMOBILIARIA PARQUE CENTRAL S.A.C.
licencia,CERCADO DE LIMA,105143-2023,20230609,20230921,C,ZTE-3,01 PISO,06-051-008,--,"S/.96,576.63",ADRIANO CARDENAS GROUP S.A.C.
licencia,CERCADO DE LIMA,67667-2023,20230417,20230925,C,CZ,23 PISOS Y AZOTEA,18-001-028,VIVIENDA MULTIFAMILIAR,"S/.63,330,058.71",INVERSIONES INMOBILIARIAS DEL IGUAZU S.A.
licencia,CERCADO DE LIMA,172397-2023,20230927,20231002,C,CV,02 SÓT. + 11 PISOS Y AZOTEA,17-041-005,COMERCIO Y CONJUNTO RESIDENCIAL,"S/ 270,813.36",PROYECTO CANTABRIA 03 S.A.C.
licencia,CERCADO DE LIMA,104086-2023,20230608,20231002,C,ZTE-3,SÓT. + 03 PISOS,06-064-001,COMERCIO,"S/ 387,581.42",SOC. CONYUGAL SR. YANG HUIRONG Y SRA. LI SHUNFA
licencia,CERCADO DE LIMA,178142-2023,20231005,20231011,A,RDM,--,11-016-019,--,"S/ 49,029.74",FORCE HOUSE PROMOTORES INMOBILIARIOS S.A.C
licencia,CERCADO DE LIMA,166992-2023,20230929,20231011,C,CV,4 PISOS,17-064-010,VIVIENDA MULTIFAMILIAR,"S/ 331,856.16",QUINTEROS CHAMORRO JOSÉ LUIS Y OTROS
licencia,CERCADO DE LIMA,73808-2023,20230427,20231012,C,ZTE-3,7 PISOS,06-076-009,COMERCIO Y ALMACEN,"S/ 60,522.44",WU CHANG SHIH YUIN
licencia,CERCADO DE LIMA,180271-2023,20231010,20231013,A,RDA,--,20-053-002,--,"S/ 269,573.55",PLUSVALIA CONSULTORES INMOBILIARIOS S.A.
licencia,CERCADO DE LIMA,181296-2023,20231010,20231013,A,CM,--,08-065-006,--,"S/ 701,121.98",LOS PORTALES DEPARTAMENTOS S.A.C.
licencia,CERCADO DE LIMA,185279-2023,20231016,20231019,C,CM,01 SÓT. + 22 PISOS Y AZOTEA,09-059-005,"CONJUNTO RESIDENCIAL
ETAPA 4","S/ 56,313,866.77",BESCO S.A.C.
licencia,CERCADO DE LIMA,185285-2023,20231016,20231019,C,CM,01 SÓT. + 22 PISOS Y AZOTEA,09-059-005,"CONJUNTO RESIDENCIAL
ETAPA 5","S/ 18,258,818.40",BESCO S.A.C.
licencia,CERCADO DE LIMA,185291-2023,20231016,20231019,C,CM,01 SÓT. + 22 PISOS Y AZOTEA,09-059-005,"CONJUNTO RESIDENCIAL
ETAPA 6","S/ 18,258,805.57",BESCO S.A.C.
licencia,CERCADO DE LIMA,185294-2023,20231016,20231019,C,CM,01 SÓT. + 22 PISOS Y AZOTEA,09-059-005,"CONJUNTO RESIDENCIAL
ETAPA 7","S/ 18,543,502.57",BESCO S.A.C.
licencia,CERCADO DE LIMA,185298-2023,20231016,20231019,C,CM,01 SÓT. + 22 PISOS Y AZOTEA,09-059-005,"CONJUNTO RESIDENCIAL
ETAPA 8","S/ 22,960,968.41",BESCO S.A.C.
licencia,CERCADO DE LIMA,186429-2023,20231017,20231020,C,CZ,03 SÓT. + 20 PISOS,20-065-022,CONJUNTO RESIDENCIAL,"S/ 3,100.95",TM GESTIÓN INMOBILIARIA S.A.C.
licencia,CERCADO DE LIMA,188906-2023,20231020,20231025,C,ZTE-1,07 PISOS,05-052-011,VIVIENDA MULTIFAMILIAR Y OFICINAS,"S/ 68,200.00",QUADRO´S INMOBILIARIA S.A.C.
licencia,CERCADO DE LIMA,143571-2023,20230816,20231027,C,ZTE-2,03 SÓT. + 04 PISOS,06-053-016,GALERÍA COMERCIAL,"S/ 92,400,140.88",COOPERATIVA DE SERVICIOS ESPECIALES MERCADO CENTRAL LTDA
licencia,CERCADO DE LIMA,144342-2023,20230817,20231108,D,I2,2 PISOS,08-044-029,"COMERCIO, TALLERES Y OFICINAS","S/ 13,892.00",DETROIT POWER SYSTEM PERU LIMITADA S.R.L.
licencia,CERCADO DE LIMA,200205-2023,20231106,20231113,A,RDA,--,20-029-004,--,"S/ 38,348.62",JUAN DE LA CRUZ CERCADO Y GLORIA CELINA RAMIREZ RIVERA
licencia,CERCADO DE LIMA,203365-2023,20231109,20231113,B,RDM,--,19-029-012,VIVIENDA MULTIFAMILIAR,"S/ 336,309.81",CRM SERVICIOS GENERALES E.I.R.L.
licencia,CERCADO DE LIMA,203322-2023,20231109,20231113,B,RDM,--,17-063-010,VIVIENDA MULTIFAMILIAR,"S/ 732,115.30",ANA KARINA ASTUDILLO CACEDA
licencia,CERCADO DE LIMA,83986-2023,20230508,20231114,C,ZTE-2,2 SÓT. + 2 PISOS,06-046-025,COMERCIO Y OFICINA,"S/ 1,122,037.32","INVERSIONES UMBRIEL S.A.C.
NORANDINO S.A.C.
INVERSIONES TOOLMAX S.A.C."
licencia,CERCADO DE LIMA,78256-2023,20230504,20231114,C,ZTE-1,1 PISO + MEZZANINE,05-071-002,SERVICIO DE ENTIDADES FINANCIERAS BANCARIAS (OFICINA),"S/ 558,845.07",COMPAÑÍA INMOBILIARIA GUIZADO HNOS S.A.
licencia,CERCADO DE LIMA,207470-2023,20231115,20231120,C,ZTE-1,SÓT. + 3 PISOS Y AZOTEA,05-027-013,COMERCIO,"S/ 72,020.00",DELOSI S.A.
licencia,CERCADO DE LIMA,204030-2023,20231110,20231120,D,CM,12 PISOS,12-002-011,"EDUCACIÓN
(UNIDAD DE APOYO DE ENSEÑANZA)","S/ 13,059,066.15",UNIVERSIDAD TECNOLÓGICA DEL PERÚ S.A.C.
licencia,CERCADO DE LIMA,115348-2023,20230628,20231121,C,ZTE-2,2 PISOS Y AZOTEA,06-029-001,AGENCIA BANCARIA,"S/ 49,856.50",BANCO DE CREDITO DEL PERU
licencia,CERCADO DE LIMA,208322-2023,20231116,20231127,A,RDM,--,02-055-001,--,"S/ 26,653.37",BRIGGITE CONSUELO PEREZ CONDORI Y OTROS
licencia,CERCADO DE LIMA,84600-2022,20220527,20231129,D,ZTE-1,2 PISOS,05-010-020,TIENDA COMERCIAL Y OFICINAS ADMINISTRATIVAS,"S/ 229,451.39",ASOCIACIÓN ANDINA DE ARTESANOS - ASANDINA
licencia,CERCADO DE LIMA,210753-2023,20231120,20231129,C,CM,SÓT. + 22 PISOS + AZOTEA,09-059-005,CONJUNTO RESIDENCIAL - ETAPA 1,"S/ 433,486.54",BESCO S.A.C.
licencia,CERCADO DE LIMA,229931-2023,18.12.2023,21.12.2023,C,CM,1 SÓT. + 22 PISOS + AZOTEA,09-059-005,CONJUNTO RESIDENCIAL - ETAPA 2,"S/ 244,996.70",BESCO S.A.C.
licencia,CERCADO DE LIMA,230547-2023,18.12.2023,21.12.2023,C,CZ-RDA,5 SÓT. + 31 PISOS,17-038-027,"VIVIENDA MULTIFAMILIAR, CONJUNTO RESIDENCIAL Y COMERCIO","S/ 28'213,264.41",INVERSIONES FIDENZA S.A.C.
licencia,CERCADO DE LIMA,223592-2023,06.12.2023,21.12.2023,C,ZTE-2,5 PISOS+ AZOTEA,06-030-004,GALERÍA COMERCIAL,"S/ 48,411.00",VISIONCORP S.A.C.
licencia,CERCADO DE LIMA,223603-2023,06.12.2023,21.12.2023,C,ZTE-3,3 SÓT. + 3 PISOS,06-048-043,OFICINAS,"S/ 8,094.93",INVERSIONES CORPORATIVAS WANCA S.A.C.
licencia,CERCADO DE LIMA,223647-2023,06.12.2023,22.12.2023,A,VT,--,14-044-012,--,"S/ 59,946.68","DANITZA MAYRA LOZANO ESPIRITU
EDGAR VALLADOLID AYALA"
licencia,CERCADO DE LIMA,224943-2023,11.12.2023,29.12.2023,D,CM,1 SÓT. + 8 PISOS + AZOTEA,10-041-013,"CLINICA
(SALUD)","S/ 685,327.23",CENTROS DE SALUD PERUANOS S.A.C.
licencia,CERCADO DE LIMA,197899-2023,28.11.2022,29.12.2023,C,ZTE-1,2 PISOS + CAMPANARIO,05-004-005,IGLESIA-CONVENTO,"S/ 176,348.49",CONVENTO DE SANTO DOMINGO DE LIMA
