listing_id,url,distrito,encabezado,moneda,precio,mantenimiento,tipo_inmueble,titulo,descripcion,rooms,bedrooms,bathrooms,area_m2,address_region,address_locality
149735527,https://urbania.pe/inmueble/clasificado/vecltein-venta-de-terreno-en-asia-canete-149735527,ASIA CANETE,"Venta Terreno / Lote en Asia S/ 81,260",PEN,81260.0,200.0,,,,,,,,,
146072779,https://urbania.pe/inmueble/clasificado/veclcpin-venta-de-casa-de-playa-en-el-golf-asia-5-a-mas-dormitorios-146072779,EL GOLF ASIA 5 A MAS DORMITORIOS,"Venta Casa de playa en El Golf S/ 2,395,250",PEN,2395250.0,1700.0,,,,,,,,,
150390040,https://urbania.pe/inmueble/clasificado/veclapin-venta-de-departamento-en-armendariz-miraflores-2-dormitorios-150390040,ARMENDARIZ,"Venta Departamento en Armendariz S/ 799,000",PEN,799000.0,,Apartment,Venta de Departamento en Miraflores - Lima 2 Dormitorios y - 150390040 | Urbania Peru,"Departamento de 90 m² de superficie construida en venta, ubicado en una zona exclusiva de Armendariz . A 2 cuadras del Malecón, muy cerca a parques, a 4 c...",2.0,2.0,2.0,90.0,Armendariz,"Miraflores, Lima, Lima, Peru urbania"
150925180,https://urbania.pe/inmueble/clasificado/veclapin-venta-de-departamento-en-miraflores-lima-2-dormitorios-150925180,MIRAFLORES,"Venta Departamento en Miraflores S/ 670,700",PEN,670700.0,340.0,Apartment,Venta de Departamento en Miraflores - Lima 2 Dormitorios y - 150925180 | Urbania Peru,"La oportunidad perfecta para vivir o invertir en una de las calles residenciales más tranquilas, seguras y estratégicamente conectadas de Miraflores. Ubic...",2.0,2.0,2.0,68.0,Miraflores,"Lima, Lima, Peru urbania, "
4644509,https://urbania.pe/inmueble/clasificado/veclapin-venta-de-departamento-en-miraflores-lima-3-dormitorios-4644509,MIRAFLORES,"Venta Departamento en Miraflores S/ 2,578,000",PEN,2578000.0,,Apartment,Venta de Departamento en Miraflores - Lima 3 Dormitorios y - 4644509 | Urbania Peru,"(Cod. DS- JAPLV01) Entrega Inmediata Moderno Edificio ubicado en Las Viñas, Miraflores, diseñado por Malachowski Arquitectos, frente a Parque García Calde...",3.0,3.0,3.0,251.0,Miraflores,"Lima, Lima, Peru urbania, "
64385059,https://urbania.pe/inmueble/clasificado/vecltein-venta-de-terreno-en-moche-trujillo-64385059,MOCHE TRUJILLO,"Venta Terreno / Lote en Moche S/ 9,756,012",PEN,9756012.0,,,,,,,,,,
150951296,https://urbania.pe/inmueble/clasificado/veclapin-venta-de-departamento-en-santa-clara-ate-vitarte-3-dormitorios-150951296,SANTA CLARA,"Venta Departamento en Santa Clara S/ 205,000",PEN,205000.0,100.0,Apartment,Venta de Departamento en Ate Vitarte - Lima 3 Dormitorios y - 150951296 | Urbania Peru,DEPARTAMENTO EN VENTA EN SANTA CLARA - ATE - 62m² VENTA DE DEPARTAMENTO 62m² - CASA CLUB PASEO DEL SOL - SANTA CLARA ATE SE VENDE DEPARTAM...,3.0,3.0,2.0,61.0,Santa Clara,"Ate Vitarte, Lima, Lima, Peru urbania"
150905243,https://urbania.pe/inmueble/clasificado/vecltein-venta-de-terreno-en-el-agustino-lima-150905243,EL AGUSTINO,"Venta Terreno / Lote en El Agustino S/ 11,043,200",PEN,11043200.0,,,,,,,,,,
143032179,https://urbania.pe/inmueble/clasificado/vecltein-venta-de-terreno-en-callao-callao-143032179,CALLAO CALLAO,"Venta Terreno / Lote en Callao S/ 6,409,880",PEN,6409880.0,,,,,,,,,,
150124079,https://urbania.pe/inmueble/clasificado/veclapin-venta-de-departamento-en-san-borja-lima-3-dormitorios-ascensor-150124079,SAN BORJA,"Venta Departamento en San Borja S/ 730,650",PEN,730650.0,,Apartment,Venta de Departamento en San Borja - Lima 3 Dormitorios y - 150124079 | Urbania Peru,"Imagina despertar cada mañana frente a un hermoso parque, abrir el balcón y ver a tus hijos jugar felices mientras los acompañas desde la tranquilidad de ...",3.0,3.0,2.0,93.0,San Borja,"Lima, Lima, Peru urbania, "
150913171,https://urbania.pe/inmueble/clasificado/veclcain-venta-de-casa-en-san-martin-de-porres-lima-150913171,SAN MARTÍN DE PORRES,"Venta Casa en San Martín de Porres S/ 567,800",PEN,567800.0,,House,Venta de Casa en San Martín de Porres - Lima 0 Dormitorio y - 150913171 | Urbania Peru,CASA DE 2 PISOS EN ESQUINA FRENTE A PARQUE – SAN MARTÍN DE PORRES * Área de terreno: 134.36 m² * Área construida: 270 m² aprox. * Med...,,,,270.0,San Martín de Porres,"Lima, Lima, Peru urbania, "
13183161,https://urbania.pe/inmueble/clasificado/veclapin-venta-de-departamento-en-chacarilla-del-estanque-santiago-de-surco-4-dormitorios-ascensor-13183161,CHACARILLA DEL ESTANQUE,"Venta Departamento en Chacarilla Del Estanque S/ 2,431,000",PEN,2431000.0,700.0,Apartment,Venta de Departamento en Santiago de Surco - Lima 4 Dormitorios y - 13183161 | Urbania Peru,"AMPLIO DEPARTAMENTO PENTHOUSE DE DOS PISOS, TODO EN PERFECTO ESTADO, 135M2 DE TERRAZAS PRIMER PISO: SALA, COMEDOR, BAÑO DE VISITA 1, BALCÓN, COCINA CON CO...",4.0,4.0,4.0,313.0,Chacarilla Del Estanque,"Santiago de Surco, Lima, Lima, Peru urbania"
150969578,https://urbania.pe/inmueble/clasificado/veclcain-venta-de-casa-en-santiago-de-surco-lima-4-dormitorios-150969578,SANTIAGO DE SURCO,"Venta Casa en Santiago de Surco S/ 2,436,000",PEN,2436000.0,,House,Venta de Casa en Santiago de Surco - Lima 4 Dormitorios y - 150969578 | Urbania Peru,VENTA DE CASA EN SURCO CERCA A PARQUE Área de terreno: 356 m² Medidas perimétricas: • Frente: 14.87 ml • Fondo: 10.00 ml,4.0,4.0,3.0,356.0,Santiago de Surco,"Lima, Lima, Peru urbania, "
150874483,https://urbania.pe/inmueble/clasificado/veclapin-venta-de-departamento-en-pueblo-libre-lima-1-dormitorio-ascensor-150874483,PUEBLO LIBRE,"Venta Departamento en Pueblo Libre S/ 320,919",PEN,320919.0,,Apartment,Venta de Departamento en Pueblo Libre - Lima 1 Dormitorio y - 150874483 | Urbania Peru,"VENTA DE EXCLUSIVO DEPARTAMENTO EN PUEBLO LIBRE PISO 8 PRECIO DE VENTA 320,919 SOLES ANTIGUEDAD 3 AÑOS CARACT...",1.0,1.0,2.0,54.0,Pueblo Libre,"Lima, Lima, Peru urbania, "
148212349,https://urbania.pe/inmueble/clasificado/veclcain-venta-de-casa-en-los-girasoles-chaclacayo-5-a-mas-dormitorios-148212349,LOS GIRASOLES,"Venta Casa en Los Girasoles S/ 935,200",PEN,935200.0,50.0,House,Venta de Casa en Chaclacayo - Lima 5 Dormitorios y - 148212349 | Urbania Peru,"Venta de CASA con Jardín interior en club privado Los Girasoles con seguridad las 24 horas del día, piscinas para adultos y niños, local social, zona come...",5.0,5.0,2.0,200.0,Los Girasoles,"Chaclacayo, Lima, Lima, Peru urbania"
4500842,https://urbania.pe/inmueble/clasificado/veclapin-venta-de-departamento-en-el-olivar-san-isidro-3-dormitorios-ascensor-4500842,EL OLIVAR,"Venta Departamento en El Olivar S/ 1,687,200",PEN,1687200.0,920.0,Apartment,Venta de Departamento en San Isidro - Lima 3 Dormitorios y - 4500842 | Urbania Peru,"(Cod. DS-SIVT0204) Ubicado en la cuadra 2 de la calle Carolina Vargas, frente al Olivar, zona exclusiva y segura de San Isidro. Cerca a avenidas principal...",3.0,3.0,2.0,211.0,El Olivar,"San Isidro, Lima, Lima, Peru urbania"
142082922,https://urbania.pe/inmueble/clasificado/veclapin-venta-de-departamento-en-chorrillos-lima-1-dormitorio-142082922,CHORRILLOS,"Venta Departamento en Chorrillos S/ 584,640",PEN,584640.0,300.0,Apartment,Venta de Departamento en Chorrillos - Lima 1 Dormitorio y - 142082922 | Urbania Peru,Hermoso y moderno edificio residencial ubicado en la primera fila del malecón del distrito de Chorrillos. Este impresionante proyecto se encuentra en una ...,1.0,1.0,1.0,49.0,Chorrillos,"Lima, Lima, Peru urbania, "
150584273,https://urbania.pe/inmueble/clasificado/veclcain-venta-de-casa-en-pando-etapa-iv-san-miguel-5-a-mas-dormitorios-150584273,PANDO ETAPA IV,"Venta Casa en Pando Etapa Iv S/ 1,074,150",PEN,1074150.0,,House,Venta de Casa en San Miguel - Lima 7 Dormitorios y - 150584273 | Urbania Peru,CASA EN VENTA EN SAN MIGUEL. BUENA UBICACIÓN. Precio Negociable. I.N.F.O.R.M.A.C.I.Ó.N..: L.U.P.E. G.A.R.C.Í.A. :. 9.3.7.4.4.6.4.8.5 Presentamos esta ampl...,7.0,7.0,6.0,160.0,Pando Etapa Iv,"San Miguel, Lima, Lima, Peru urbania"
150512088,https://urbania.pe/inmueble/clasificado/veclapin-venta-de-departamento-en-san-miguel-san-miguel-2-dormitorios-ascensor-150512088,SAN MIGUEL,"Venta Departamento en San Miguel S/ 320,000",PEN,320000.0,,Apartment,Venta de Departamento en San Miguel - Lima 2 Dormitorios y - 150512088 | Urbania Peru,"Ubicado en el corazón de San Miguel, en Lima, cerca de colegios, comercios, áreas verdes y avenidas principales, este encantador departamento con vista a...",2.0,2.0,2.0,65.0,San Miguel,"San Miguel, Lima, Lima, Peru urbania"
62273697,https://urbania.pe/inmueble/clasificado/veclcain-venta-de-casa-en-la-jolla-asia-5-a-mas-dormitorios-62273697,LA JOLLA,"Venta Casa en La Jolla S/ 2,104,000",PEN,2104000.0,1100.0,House,Venta de Casa en Asia - Cañete 6 Dormitorios y - 62273697 | Urbania Peru,"Vive la experiencia cinco estrellas entre el mar y la mejor arquitectura con las más exquisitas amenidades, espacios para celebrar la vida. Hermosa casa ...",6.0,6.0,6.0,600.0,La Jolla,"Asia, Cañete, Lima, Peru urbania"
148672657,https://urbania.pe/inmueble/clasificado/veclapin-venta-de-departamento-en-san-miguel-lima-3-dormitorios-ascensor-148672657,SAN MIGUEL,"Venta Departamento en San Miguel S/ 399,000",PEN,399000.0,250.0,Apartment,Venta de Departamento en San Miguel - Lima 3 Dormitorios y - 148672657 | Urbania Peru,"Departamento en Venta – Av. Los Patriotas 358, San Miguel ¡Vive en un departamento amplio, listo para mudarte! Ubicado en Av. Los Patriotas 358, San Mig...",3.0,3.0,2.0,84.0,San Miguel,"Lima, Lima, Peru urbania, "
142822976,https://urbania.pe/inmueble/clasificado/vecltein-venta-de-terreno-en-higuereta-santiago-de-surco-142822976,HIGUERETA SANTIAGO DE SURCO,"Venta Terreno / Lote en Higuereta S/ 539,200",PEN,539200.0,,,,,,,,,,
150910280,https://urbania.pe/inmueble/clasificado/veclapin-venta-de-departamento-en-lince-lima-1-dormitorio-150910280,LINCE,"Venta Departamento en Lince S/ 310,275",PEN,310275.0,,Apartment,Venta de Departamento en Lince - Lima 1 Dormitorio y - 150910280 | Urbania Peru,"Departamento de 40.01 m², con 1 dormitorio y 1 baño, en Lince. Con entrega programada para junio de 2028 y unidades aún disponibles para separar. El edifi...",1.0,1.0,1.0,40.0,Lince,"Lima, Lima, Peru urbania, "
150543105,https://urbania.pe/inmueble/clasificado/vecllcin-venta-de-local-comercial-en-cusco-cusco-150543105,CUSCO CUSCO,"Venta Local comercial en Cusco S/ 270,400",PEN,270400.0,,,,,,,,,,
13357865,https://urbania.pe/inmueble/clasificado/veclocin-venta-de-oficina-en-san-isidro-lima-ascensor-13357865,SAN ISIDRO,"Venta Oficina en San Isidro S/ 2,303,125",PEN,2303125.0,,,,,,,,,,
150952788,https://urbania.pe/inmueble/clasificado/veclcain-venta-de-casa-en-las-lagunas-de-la-molina-la-molina-5-a-mas-dormitorios-150952788,LAS LAGUNAS DE LA MOLINA,"Venta Casa en Las Lagunas De La Molina S/ 2,712,000",PEN,2712000.0,,House,Venta de Casa en La Molina - Lima 11 Dormitorios y - 150952788 | Urbania Peru,"Se vende una impresionante y amplia casa de 552.76 m² de terreno, ubicada en la exclusiva Urbanización Las Lagunas de La Molina. Esta propiedad, idea...",11.0,11.0,9.0,552.0,Las Lagunas De La Molina,"La Molina, Lima, Lima, Peru urbania"
150911905,https://urbania.pe/inmueble/clasificado/veclcain-venta-de-casa-en-club-golf-los-incas-santiago-de-surco-5-a-mas-dormitorios-150911905,CLUB GOLF LOS INCAS,"Venta Casa en Club Golf Los Incas S/ 6,192,750",PEN,6192750.0,,House,Venta de Casa en Santiago de Surco - Lima 5 Dormitorios y - 150911905 | Urbania Peru,Exclusiva casa con gran potencial en urbanización Club Golf Los Incas – Surco Ubicada en una de las zonas más privilegiadas y residenciales de ...,5.0,5.0,4.0,1207.0,Club Golf Los Incas,"Santiago de Surco, Lima, Lima, Peru urbania"
144959466,https://urbania.pe/inmueble/clasificado/veclapin-venta-de-departamento-en-san-isidro-lima-2-dormitorios-ascensor-144959466,SAN ISIDRO,"Venta Departamento en San Isidro S/ 999,000",PEN,999000.0,,Apartment,Venta de Departamento en San Isidro - Lima 2 Dormitorios y - 144959466 | Urbania Peru,"(Cod. DS-LRVT7703) Ubicado en Av. Javier Prado Oeste, San Isidro, cerca a avenidas principales, colegios, parques, supermercados y más. Departamento en e...",2.0,2.0,2.0,97.0,San Isidro,"Lima, Lima, Peru urbania, "
148391573,https://urbania.pe/inmueble/clasificado/veclcain-venta-de-casa-en-el-cuadro-chaclacayo-4-dormitorios-148391573,EL CUADRO,"Venta Casa en El Cuadro S/ 567,800",PEN,567800.0,100.0,House,Venta de Casa en Chaclacayo - Lima 4 Dormitorios y - 148391573 | Urbania Peru,"Venta de Casa en la Urb. El Cuadro en Chaclacayo, donde se respira paz, tranquilidad y El condominio cuenta con áreas comunes, capilla, seguridad las 24 h...",4.0,4.0,3.0,237.0,El Cuadro,"Chaclacayo, Lima, Lima, Peru urbania"
150921449,https://urbania.pe/inmueble/clasificado/vecltein-venta-de-terreno-en-villacuri-ica-150921449,VILLACURI ICA,"Venta Terreno / Lote en Villacuri S/ 99,900",PEN,99900.0,,,,,,,,,,
150921191,https://urbania.pe/inmueble/clasificado/veclcain-venta-de-casa-en-chacarilla-del-estanque-san-borja-150921191,CHACARILLA DEL ESTANQUE,"Venta Casa en Chacarilla Del Estanque S/ 4,590,000",PEN,4590000.0,,House,Venta de Casa en San Borja - Lima 0 Dormitorio y - 150921191 | Urbania Peru,"Casa en Venta en Exclusiva Zona de Chacarilla San Borja a pasos de parque. Ideal para proyecto , casa de reposo ( 22 dormitorios), o vivienda ...",,,8.0,803.0,Chacarilla Del Estanque,"San Borja, Lima, Lima, Peru urbania"
58110962,https://urbania.pe/inmueble/clasificado/veclcain-venta-de-casa-en-piura-piura-58110962,PIURA,"Venta Casa en Piura S/ 2,993,268",PEN,2993268.0,,House,Venta de Casa en Piura - Piura 0 Dormitorio y - 58110962 | Urbania Peru,"VENTA DE INMUEBLE RESIDENCIAL - PIURA A.T. : 1,805 m2 (frente : 27ml) A.C. : 596 m2 (02 Pisos) Ubicación : Av. Chirichigno N° 384 y N°38 de la Urbanizaci...",,,2.0,1805.0,Piura,"Piura, Piura, Peru urbania, "
150912088,https://urbania.pe/inmueble/clasificado/vecltein-venta-de-terreno-en-chaclacayo-lima-150912088,CHACLACAYO,"Venta Terreno / Lote en Chaclacayo S/ 1,702,957",PEN,1702957.0,,,,,,,,,,
150913412,https://urbania.pe/inmueble/clasificado/veclapin-venta-de-departamento-en-san-borja-lima-3-dormitorios-ascensor-150913412,SAN BORJA,"Venta Departamento en San Borja S/ 1,688,000",PEN,1688000.0,,Apartment,Venta de Departamento en San Borja - Lima 3 Dormitorios y - 150913412 | Urbania Peru,**DISTRIBUCIÓN Y ESPACIOS*** Tres habitaciones amplias que garantizan privacidad y confort. * Cuatro baños que ofrecen funcionalidad y comodidad para...,3.0,3.0,3.0,296.0,San Borja,"Lima, Lima, Peru urbania, "
150398020,https://urbania.pe/inmueble/clasificado/veclapin-venta-de-departamento-en-barranco-lima-1-dormitorio-150398020,BARRANCO,"Venta Departamento en Barranco S/ 430,999",PEN,430999.0,,Apartment,Venta de Departamento en Barranco - Lima 1 Dormitorio y - 150398020 | Urbania Peru,"Departamento en venta en Barranco, con 40 m² de superficie construida que optimizan cada espacio. El inmueble cuenta con 1 dormitorio con closet, 1 baño c...",1.0,1.0,1.0,40.0,Barranco,"Lima, Lima, Peru urbania, "
4647749,https://urbania.pe/inmueble/clasificado/veclapin-venta-de-departamento-en-barranco-lima-3-dormitorios-ascensor-4647749,BARRANCO,"Venta Departamento en Barranco S/ 690,000",PEN,690000.0,,Apartment,Venta de Departamento en Barranco - Lima 3 Dormitorios y - 4647749 | Urbania Peru,"(Cod. BCVP001) LISTO PARA ENTREGA El edificio se ubica en la Av. Catalino Miranda, Barranco, a una cuadra de la Av. El Sol, cerca a parque Cuenta con 4 as...",3.0,3.0,3.0,137.0,Barranco,"Lima, Lima, Peru urbania, "
148321191,https://urbania.pe/inmueble/clasificado/veclcain-venta-de-casa-en-ate-vitarte-lima-3-dormitorios-148321191,ATE VITARTE,"Venta Casa en Ate Vitarte S/ 324,000",PEN,324000.0,420.0,House,Venta de Casa en Ate Vitarte - Lima 3 Dormitorios y - 148321191 | Urbania Peru,"Se vende casa en Club Villa Tusán del Centro Cultural Peruano Chino, Km. 17.5 de la Carretera Central, Ate.. Ubicada en el sector Chongqing, zona cuarta y...",3.0,3.0,3.0,80.0,Ate Vitarte,"Lima, Lima, Peru urbania, "
4640605,https://urbania.pe/inmueble/clasificado/veclapin-venta-de-departamento-en-miraflores-lima-2-dormitorios-ascensor-4640605,MIRAFLORES,"Venta Departamento en Miraflores S/ 1,020,200",PEN,1020200.0,,Apartment,Venta de Departamento en Miraflores - Lima 2 Dormitorios y - 4640605 | Urbania Peru,"(Cod. DS- MIVP055) Edificio ubicado en la cuadra 7 de Prolongación Arenales, Está ubicado en una excelente zona de Miraflores, límite con San Isidro a poc...",2.0,2.0,2.0,120.0,Miraflores,"Lima, Lima, Peru urbania, "
150911116,https://urbania.pe/inmueble/clasificado/veclapin-venta-de-departamento-en-barranco-lima-1-dormitorio-150911116,BARRANCO,"Venta Departamento en Barranco S/ 553,000",PEN,553000.0,400.0,Apartment,Venta de Departamento en Barranco - Lima 1 Dormitorio y - 150911116 | Urbania Peru,"Ubicado en la calle Juan Fanning 108, este departamento en el piso 5 combina la esencia bohemia del distrito con la comodidad de un espacio moderno y muy ...",1.0,1.0,1.0,74.0,Barranco,"Lima, Lima, Peru urbania, "
150959345,https://urbania.pe/inmueble/clasificado/veclapin-venta-de-departamento-en-santa-teresa-santiago-de-surco-3-dormitorios-150959345,SANTA TERESA,"Venta Departamento en Santa Teresa S/ 1,010,000",PEN,1010000.0,1.0,Apartment,Venta de Departamento en Santiago de Surco - Lima 3 Dormitorios y - 150959345 | Urbania Peru,"FLAT DE ESTRENO DE 3 DORMITORIOS, SALA DE ESTAR Y VISTA EXTERNA EN SURCO Departamento Flat 201 – Vista Externa | Santiago de Surco ¡Vive en Surco con am...",3.0,3.0,2.0,134.0,Santa Teresa,"Santiago de Surco, Lima, Lima, Peru urbania"
145417594,https://urbania.pe/inmueble/clasificado/vecltein-venta-de-terreno-en-chilca-canete-145417594,CHILCA CANETE,"Venta Terreno / Lote en Chilca S/ 2,305,800",PEN,2305800.0,,,,,,,,,,
149380976,https://urbania.pe/inmueble/clasificado/veclcain-venta-de-casa-en-sarapampa-asia-5-a-mas-dormitorios-149380976,SARAPAMPA,"Venta Casa en Sarapampa S/ 796,650",PEN,796650.0,750.0,House,Venta de Casa en Asia - Cañete 6 Dormitorios y - 149380976 | Urbania Peru,"Casa de playa en venta ubicada en Sarapampa, Asia, ideal para disfrutar del sol y la tranquilidad. Cuenta con 6 dormitorios, perfecta para familias grande...",6.0,6.0,5.0,200.0,Sarapampa,"Asia, Cañete, Lima, Peru urbania"
150514871,https://urbania.pe/inmueble/clasificado/veclapin-venta-de-departamento-en-miraflores-lima-3-dormitorios-ascensor-150514871,MIRAFLORES,"Venta Departamento en Miraflores S/ 1,574,000",PEN,1574000.0,1000.0,Apartment,Venta de Departamento en Miraflores - Lima 3 Dormitorios y - 150514871 | Urbania Peru,"Departamento totalmente remodelado en zona de parques. Vive en un departamento de 198 m², completamente remodelado con acabados premium y un diseño conte...",3.0,3.0,4.0,198.0,Miraflores,"Lima, Lima, Peru urbania, "
145848345,https://urbania.pe/inmueble/clasificado/veclocin-venta-de-oficina-en-santiago-de-surco-lima-ascensor-145848345,SANTIAGO DE SURCO,"Venta Oficina en Santiago de Surco S/ 897,000",PEN,897000.0,1000.0,,,,,,,,,
150906669,https://urbania.pe/inmueble/clasificado/veclapin-venta-de-departamento-en-san-borja-lima-3-dormitorios-ascensor-150906669,SAN BORJA,"Venta Departamento en San Borja S/ 1,088,000",PEN,1088000.0,,Apartment,Venta de Departamento en San Borja - Lima 3 Dormitorios y - 150906669 | Urbania Peru,"DEPARTAMENTO en VENTA en SAN BORJA Av SAN BORJA NORTE N° 13XX, dpto. 7XX Referencia: Frente a Durero y cerca del Boulevard Surco Venta: $320,000 A.O.: 135...",3.0,3.0,2.0,135.0,San Borja,"Lima, Lima, Peru urbania, "
144656011,https://urbania.pe/inmueble/clasificado/veclcain-venta-de-casa-en-portada-de-la-planicie-la-molina-5-a-mas-dormitorios-144656011,PORTADA DE LA PLANICIE,"Venta Casa en Portada De La Planicie S/ 3,170,000",PEN,3170000.0,,House,Venta de Casa en La Molina - Lima 6 Dormitorios y - 144656011 | Urbania Peru,"De estilo moderno y con abundante luz natural en todos sus ambientes. Goza de una vista panorámica espectacular desde la sala comedor, terraza, jardín, p...",6.0,6.0,5.0,505.0,Portada De La Planicie,"La Molina, Lima, Lima, Peru urbania"
150912015,https://urbania.pe/inmueble/clasificado/veclcain-venta-de-casa-en-chorrillos-lima-3-dormitorios-150912015,CHORRILLOS,"Venta Casa en Chorrillos S/ 752,400",PEN,752400.0,,House,Venta de Casa en Chorrillos - Lima 3 Dormitorios y - 150912015 | Urbania Peru,¡Oportunidad Única! Casa + Departamento Independiente en Zona Comercial ¿Buscas vivir cómodamente y a la vez generar ingresos? ¡Esta prop...,3.0,3.0,2.0,200.0,Chorrillos,"Lima, Lima, Peru urbania, "
149595001,https://urbania.pe/inmueble/clasificado/veclapin-venta-de-departamento-en-miraflores-lima-3-dormitorios-149595001,MIRAFLORES,"Venta Departamento en Miraflores S/ 1,203,000",PEN,1203000.0,600.0,Apartment,Venta de Departamento en Miraflores - Lima 3 Dormitorios y - 149595001 | Urbania Peru,"Se vende moderno departamento ubicado en el piso 13 y 14, con excelente distribución, amplios ambientes y muy buena iluminación natural. Ideal para famili...",3.0,3.0,3.0,160.0,Miraflores,"Lima, Lima, Peru urbania, "
150911225,https://urbania.pe/inmueble/clasificado/veclcain-venta-de-casa-en-asia-canete-4-dormitorios-150911225,ASIA,"Venta Casa en Asia S/ 1,415,000",PEN,1415000.0,250.0,House,Venta de Casa en Asia - Cañete 4 Dormitorios y - 150911225 | Urbania Peru,"¡Tu casa de playa para disfrutar, descansar y crear momentos inolvidables!Imagina despertar rodeado de tranquilidad, con el campo como vecino, disfru...",4.0,4.0,3.0,212.0,Asia,"Cañete, Lima, Peru urbania, "
150950400,https://urbania.pe/inmueble/clasificado/veclapin-venta-de-departamento-en-miraflores-lima-3-dormitorios-ascensor-150950400,MIRAFLORES,"Venta Departamento en Miraflores S/ 1,173,000",PEN,1173000.0,1100.0,Apartment,Venta de Departamento en Miraflores - Lima 3 Dormitorios y - 150950400 | Urbania Peru,Más detalles: Edificio bien mantenido cerca a todo en Miraflores. A media cuadra de Comandante Espinar Primer piso: Sala - Comedor Baño de visita Balcon 3...,3.0,3.0,3.0,192.0,Miraflores,"Lima, Lima, Peru urbania, "
150929359,https://urbania.pe/inmueble/clasificado/veclapin-venta-de-departamento-en-lince-lima-2-dormitorios-150929359,LINCE,"Venta Departamento en Lince S/ 432,000",PEN,432000.0,,Apartment,Venta de Departamento en Lince - Lima 2 Dormitorios y - 150929359 | Urbania Peru,"Departamento de 55.17 m², con 2 dormitorios y 2 baños, en Lince. Una opción concreta para quienes dan el paso hacia su primera vivienda, próximo al Centro...",2.0,2.0,2.0,55.0,Lince,"Lima, Lima, Peru urbania, "
147192147,https://urbania.pe/inmueble/clasificado/veclniin-venta-de-local-industrial-en-callao-callao-ascensor-147192147,CALLAO CALLAO ASCENSOR,"Venta Local industrial en Callao S/ 17,775,000",PEN,17775000.0,,,,,,,,,,
143394248,https://urbania.pe/inmueble/clasificado/vecltein-venta-de-terreno-en-nuevo-chimbote-santa-143394248,NUEVO CHIMBOTE SANTA,"Venta Terreno / Lote en Nuevo Chimbote S/ 31,450,000",PEN,31450000.0,,,,,,,,,,
150912823,https://urbania.pe/inmueble/clasificado/vecllcin-venta-de-local-comercial-en-san-isidro-lima-ascensor-150912823,SAN ISIDRO,"Venta Local comercial en San Isidro S/ 25,949,000",PEN,25949000.0,,,,,,,,,,
150912019,https://urbania.pe/inmueble/clasificado/veclapin-venta-de-departamento-en-lima-lima-3-dormitorios-150912019,LIMA,"Venta Departamento en Lima S/ 485,750",PEN,485750.0,250.0,Apartment,Venta de Departamento en - Lima 3 Dormitorios y - 150912019 | Urbania Peru,"Departamento en venta en Magdalena Consta de: Sala comedor, balcón, vista externa, a la Av. El Ejército, piso 13 &lt;...",3.0,3.0,2.0,80.0,Lima,"Lima, Peru urbania, "
150921611,https://urbania.pe/inmueble/clasificado/veclapin-venta-de-departamento-en-magdalena-lima-2-dormitorios-ascensor-150921611,MAGDALENA,"Venta Departamento en Magdalena S/ 595,000",PEN,595000.0,350.0,Apartment,Venta de Departamento en Magdalena - Lima 2 Dormitorios y - 150921611 | Urbania Peru,"HERMOSO DEPARTAMENTO EN VENTA – MAGDALENA DEL MAR US$ 175,000 – Precio negociable Hermoso departamento de 79 m², ubicado en un noveno piso, frente a parqu...",2.0,2.0,2.0,79.0,Magdalena,"Lima, Lima, Peru urbania, "
147500775,https://urbania.pe/inmueble/clasificado/vecllcin-venta-de-local-comercial-en-ate-vitarte-lima-5-a-mas-dormitorios-147500775,ATE VITARTE,"Venta Local comercial en Ate Vitarte S/ 4,400,000",PEN,4400000.0,,,,,,,,,,
150194257,https://urbania.pe/inmueble/clasificado/vecltein-venta-de-terreno-en-la-perla-callao-150194257,LA PERLA CALLAO,"Venta Terreno / Lote en La Perla S/ 2,680,000",PEN,2680000.0,,,,,,,,,,
143157601,https://urbania.pe/inmueble/clasificado/veclapin-venta-de-departamento-en-chorrillos-lima-1-dormitorio-ascensor-143157601,CHORRILLOS,"Venta Departamento en Chorrillos S/ 246,000",PEN,246000.0,,Apartment,Venta de Departamento en Chorrillos - Lima 1 Dormitorio y - 143157601 | Urbania Peru,"(Cod.LRPY0040) Fecha de Entrega: 25 de Octubre 2027 Atractivo edificio que estará ubicado en la Av. Los Faisanes, a media cuadra del cruce con la Avenida ...",1.0,1.0,1.0,39.0,Chorrillos,"Lima, Lima, Peru urbania, "
150908828,https://urbania.pe/inmueble/clasificado/veclapin-venta-de-departamento-en-golf-san-isidro-3-dormitorios-ascensor-150908828,GOLF,"Venta Departamento en Golf S/ 1,530,000",PEN,1530000.0,800.0,Apartment,Venta de Departamento en San Isidro - Lima 3 Dormitorios y - 150908828 | Urbania Peru,"DEPARTAMENTO EN VENTA CON VISTA PANORÁMICA AL GOLF DE SAN ISIDRO Vivir frente al Golf de San Isidro es disfrutar de una ubicación privilegiada,...",3.0,3.0,2.0,195.0,Golf,"San Isidro, Lima, Lima, Peru urbania"
150932590,https://urbania.pe/inmueble/clasificado/veclapin-venta-de-departamento-en-miraflores-lima-1-dormitorio-150932590,MIRAFLORES,"Venta Departamento en Miraflores S/ 236,600",PEN,236600.0,,Apartment,Venta de Departamento en Miraflores - Lima 1 Dormitorio y - 150932590 | Urbania Peru,"tenemos para estudiantes esta habitacion con su nbaño y cocina de 36 m2 y se encuentra en el 4t0 piso de una azotea del edifici de 4 pisos, ideal para per...",1.0,1.0,1.0,36.0,Miraflores,"Lima, Lima, Peru urbania, "
58132981,https://urbania.pe/inmueble/clasificado/veclocin-venta-de-oficina-en-san-isidro-lima-ascensor-58132981,SAN ISIDRO,"Venta Oficina en San Isidro S/ 4,854,150",PEN,4854150.0,,,,,,,,,,
150911823,https://urbania.pe/inmueble/clasificado/veclapin-venta-de-departamento-en-valle-hermoso-residencial-santiago-de-surco-3-dormitorios-ascensor-150911823,VALLE HERMOSO RESIDENCIAL,"Venta Departamento en Valle Hermoso Residencial S/ 1,144,000",PEN,1144000.0,650.0,Apartment,Venta de Departamento en Santiago de Surco - Lima 3 Dormitorios y - 150911823 | Urbania Peru,DÚPLEX DE ESTRENO EN JACARANDA VALLE HERMOSO RESIDENCIAL - NO PAGA ALCABALA Vive con estilo en uno de los desarrollos más innovadores y sosten...,3.0,3.0,,171.0,Valle Hermoso Residencial,"Santiago de Surco, Lima, Lima, Peru urbania"
13361324,https://urbania.pe/inmueble/clasificado/vecltein-venta-de-terreno-en-callao-callao-13361324,CALLAO CALLAO,"Venta Terreno / Lote en Callao S/ 16,205,892",PEN,16205892.0,,,,,,,,,,
150919329,https://urbania.pe/inmueble/clasificado/veclapin-venta-de-departamento-en-barranco-lima-3-dormitorios-150919329,BARRANCO,"Venta Departamento en Barranco S/ 659,340",PEN,659340.0,380.0,Apartment,Venta de Departamento en Barranco - Lima 3 Dormitorios y - 150919329 | Urbania Peru,"VENTA DEPARTAMENTO 3 DORMITORIOS CALLE JUAN FANING EN BARRANCO. Venta de simpático y funcional departamento en Barranco, 03 dormitorios, con excelente dis...",3.0,3.0,2.0,104.0,Barranco,"Lima, Lima, Peru urbania, "
147881272,https://urbania.pe/inmueble/clasificado/veclapin-venta-de-departamento-en-santiago-de-surco-lima-3-dormitorios-ascensor-147881272,SANTIAGO DE SURCO,"Venta Departamento en Santiago de Surco S/ 1,392,000",PEN,1392000.0,650.0,Apartment,Venta de Departamento en Santiago de Surco - Lima 3 Dormitorios y - 147881272 | Urbania Peru,"Lindo Departamento con Vista a Jardines – Moderno e Impecable Hermoso departamento con vista hacia jardines del edificio, muy tranquilo, iluminado y en e...",3.0,3.0,3.0,212.0,Santiago de Surco,"Lima, Lima, Peru urbania, "
150851427,https://urbania.pe/inmueble/clasificado/vecllcin-venta-de-local-comercial-en-san-isidro-lima-150851427,SAN ISIDRO,"Venta Local comercial en San Isidro S/ 864,000",PEN,864000.0,1.0,,,,,,,,,
150928986,https://urbania.pe/inmueble/clasificado/veclcain-venta-de-casa-en-orrantia-del-mar-san-isidro-4-dormitorios-150928986,ORRANTIA DEL MAR,"Venta Casa en Orrantia Del Mar S/ 2,331,000",PEN,2331000.0,,House,Venta de Casa en San Isidro - Lima 4 Dormitorios y - 150928986 | Urbania Peru,"Vive rodeado de parques frente al mar en una zona exclusiva de San Isidro. Esta residencia de 2 pisos combina funcionalidad, amplitud y una ubicación priv...",4.0,4.0,3.0,30170.0,Orrantia Del Mar,"San Isidro, Lima, Lima, Peru urbania"
150903954,https://urbania.pe/inmueble/clasificado/veclapin-venta-de-departamento-en-san-isidro-lima-1-dormitorio-ascensor-150903954,SAN ISIDRO,"Venta Departamento en San Isidro S/ 498,000",PEN,498000.0,250.0,Apartment,Venta de Departamento en San Isidro - Lima 1 Dormitorio y - 150903954 | Urbania Peru,"LINDO DEPARTAMENTO EN VENTA EN SAN ISIDRO, LIMITE CON MAGDALENA A 1 CUADRA DEL MALECON DE LA COSTA VERDE Precio de venta: S/ 498,000 Incluye 1 estacionam...",1.0,1.0,1.0,64.0,San Isidro,"Lima, Lima, Peru urbania, "
150549760,https://urbania.pe/inmueble/clasificado/veclcain-venta-de-casa-en-chaclacayo-lima-3-dormitorios-150549760,CHACLACAYO,"Venta Casa en Chaclacayo S/ 1,251,200",PEN,1251200.0,,House,Venta de Casa en Chaclacayo - Lima 3 Dormitorios y - 150549760 | Urbania Peru,LINDA CASA CON AMPLIO JARDÍN A UNAS CUADRAS DEL CLUB TERRAZAS AT &#x3D; 592 m2 / AC &#x3D; 174 m2 / Último mantenimiento en febrero 2026 Ubicada en la apa...,3.0,3.0,2.0,592.0,Chaclacayo,"Lima, Lima, Peru urbania, "
150945762,https://urbania.pe/inmueble/clasificado/veclapin-venta-de-departamento-en-piura-piura-3-dormitorios-150945762,PIURA,"Venta Departamento en Piura S/ 544,000",PEN,544000.0,,Apartment,Venta de Departamento en - Piura 3 Dormitorios y - 150945762 | Urbania Peru,Se Vende Acogedor Departamento en Urb. El Golf – Piura Zona Exclusiva | Condominio Cerrado Descubre tu pr...,3.0,3.0,3.0,124.0,Piura,"Piura, Peru urbania, "
149645621,https://urbania.pe/inmueble/clasificado/veclcain-venta-de-casa-en-santa-anita-lima-4-dormitorios-149645621,SANTA ANITA,"Venta Casa en Santa Anita S/ 1,200,500",PEN,1200500.0,,House,Venta de Casa en Santa Anita - Lima 4 Dormitorios y - 149645621 | Urbania Peru,"Agente Roberto Ampuero 982 # 031 # 160 Ubicación: Urbanización San Carlos, esquina Calle Los Duraznos con Los Mangos, a pocas cuadras de Av. Metropolitana...",4.0,4.0,2.0,157.0,Santa Anita,"Lima, Lima, Peru urbania, "
150756092,https://urbania.pe/inmueble/clasificado/veclcain-venta-de-casa-en-comas-lima-5-a-mas-dormitorios-150756092,COMAS,"Venta Casa en Comas S/ 510,000",PEN,510000.0,,House,Venta de Casa en Comas - Lima 9 Dormitorios y - 150756092 | Urbania Peru,"Si buscas una propiedad con amplios espacios para vivir o invertir, contactame Orlando 9.9.2.0.5.9.9.1.1 esta es una excelente oportunidad. Ubicación: 4.ª...",9.0,9.0,5.0,200.0,Comas,"Lima, Lima, Peru urbania, "
150970794,https://urbania.pe/inmueble/proyecto/veuntein-venta-de-terreno-en-quilmana-quilmana-150970794,QUILMANA QUILMANA,,,,,,,,,,,,,
150705119,https://urbania.pe/inmueble/clasificado/veclcain-venta-de-casa-en-limatambo-san-isidro-4-dormitorios-150705119,LIMATAMBO,"Venta Casa en Limatambo S/ 3,400,000",PEN,3400000.0,,House,Venta de Casa en San Isidro - Lima 4 Dormitorios y - 150705119 | Urbania Peru,"CASA AMPLIA Y REMODELADA QUE CUENTA CON 1ER PISIO. 3 COCHERAS PARALELAS, SALA, COMEDOR, RECIBIDOR, TERRAZA GRANDE, BAR, COCINA CON COMEDOR DE DIARIO Y DES...",4.0,4.0,4.0,382.0,Limatambo,"San Isidro, Lima, Lima, Peru urbania"
150106518,https://urbania.pe/inmueble/clasificado/veclapin-venta-de-departamento-en-san-isidro-lima-3-dormitorios-150106518,SAN ISIDRO,"Venta Departamento en San Isidro S/ 1,508,000",PEN,1508000.0,850.0,Apartment,Venta de Departamento en San Isidro - Lima 3 Dormitorios y - 150106518 | Urbania Peru,"&quot;Departamento en Venta San Isidro a USD $450,000 Vendo Departamento en San Isidro – Calle Blas Cerdeña, en Piso 2, con vista exterior al parque Alayza Gru...",3.0,3.0,3.0,155.0,San Isidro,"Lima, Lima, Peru urbania, "
149502280,https://urbania.pe/inmueble/clasificado/veclcain-venta-de-casa-en-las-lagunas-la-molina-4-dormitorios-149502280,LAS LAGUNAS,"Venta Casa en Las Lagunas S/ 6,120,000",PEN,6120000.0,,House,Venta de Casa en La Molina - Lima 4 Dormitorios y - 149502280 | Urbania Peru,"Exclusiva Casa en Venta – Las Lagunas, La Molina Precio: USD 1,800,000 Ubicada en la prestigiosa y segura urbanización Las Lagunas de La Molina, en la tr...",4.0,4.0,4.0,1025.0,Las Lagunas,"La Molina, Lima, Lima, Peru urbania"
148797031,https://urbania.pe/inmueble/clasificado/vecltein-venta-de-terreno-en-la-victoria-chiclayo-148797031,LA VICTORIA CHICLAYO,"Venta Terreno / Lote en La Victoria S/ 11,384,305",PEN,11384305.0,,,,,,,,,,
150947452,https://urbania.pe/inmueble/clasificado/vecltein-venta-de-terreno-en-san-miguel-lima-150947452,SAN MIGUEL,"Venta Terreno / Lote en San Miguel S/ 4,621,500",PEN,4621500.0,,,,,,,,,,
147170078,https://urbania.pe/inmueble/clasificado/vecllcin-venta-de-local-comercial-en-jesus-maria-lima-2-dormitorios-147170078,JESUS MARIA,"Venta Local comercial en Jesús María S/ 184,250",PEN,184250.0,,,,,,,,,,
150931736,https://urbania.pe/inmueble/clasificado/veclapin-venta-de-departamento-en-miraflores-lima-2-dormitorios-ascensor-150931736,MIRAFLORES,"Venta Departamento en Miraflores S/ 663,000",PEN,663000.0,400.0,Apartment,Venta de Departamento en Miraflores - Lima 2 Dormitorios y - 150931736 | Urbania Peru,¡VENTA DEPARTAMENTO MIRAFLORES 2DO PISO 2 DORMITORIOS Y ESTUDIO AT 83M2 + COCHERA Y DEPOSITO A PASOS DEL MALECÓN DE MIRAFLORES! Ubicación Premium: Roma 1...,2.0,2.0,2.0,83.0,Miraflores,"Lima, Lima, Peru urbania, "
150945796,https://urbania.pe/inmueble/clasificado/veclcain-venta-de-casa-en-maynas-loreto-3-dormitorios-150945796,MAYNAS,"Venta Casa en Maynas S/ 355,000",PEN,355000.0,,House,Venta de Casa en - Maynas 3 Dormitorios y - 150945796 | Urbania Peru,AMPLIA CASA CON DOBLE FRENTE Y EXCELENTE UBICACIÓN COMERCIAL Oportunidad única de inversión y vivienda en ...,3.0,3.0,4.0,460.0,Maynas,"Loreto, Peru urbania, "
148734452,https://urbania.pe/inmueble/clasificado/veclapin-venta-de-departamento-en-el-palacio-sachaca-3-dormitorios-148734452,EL PALACIO,"Venta Departamento en El Palacio S/ 367,200",PEN,367200.0,120.0,Apartment,Venta de Departamento en Sachaca - Arequipa 3 Dormitorios y - 148734452 | Urbania Peru,"DEPARTAMENTO EN VENTA – SACHACA | PALACIO I Precio: USD 125,000 Área: 108.62 m² 84.4 de area techada mas . 16 de cochera Departamento ubicado dentro de un...",3.0,3.0,2.0,125.0,El Palacio,"Sachaca, Arequipa, Arequipa, Peru urbania"
90580263,https://urbania.pe/inmueble/clasificado/veclcain-venta-de-casa-en-campo-verde-la-molina-3-dormitorios-90580263,CAMPO VERDE,"Venta Casa en Campo Verde S/ 1,411,000",PEN,1411000.0,550.0,House,Venta de Casa en La Molina - Lima 3 Dormitorios y - 90580263 | Urbania Peru,"CITAS AL 9.8.2.7.1.3.8.4.9. SI BUSCAS UN REFUGIO DE PAZ, SEGURIDAD Y RELAJAMIENTO TOTAL, ESTA CASA ES PARA TI. UBICADA EN UN CONDOMINIO CERRADO CON MÁXIM...",3.0,3.0,3.0,220.0,Campo Verde,"La Molina, Lima, Lima, Peru urbania"
150912073,https://urbania.pe/inmueble/clasificado/veclapin-venta-de-departamento-en-pucusana-pucusana-3-dormitorios-ascensor-150912073,PUCUSANA,"Venta Departamento en Pucusana S/ 310,488",PEN,310488.0,,Apartment,Venta de Departamento en Pucusana - Lima 3 Dormitorios y - 150912073 | Urbania Peru,"Tu departamento de playa te espera en Naplo. Descubre El Golfo, un exclusivo proyecto de departamentos de estreno diseñado para disfrutar del m...",3.0,3.0,2.0,73.0,Pucusana,"Pucusana, Lima, Lima, Peru urbania"
149508558,https://urbania.pe/inmueble/clasificado/vecltein-venta-de-terreno-en-barranco-lima-149508558,BARRANCO,"Venta Terreno / Lote en Barranco S/ 1,826,000",PEN,1826000.0,,,,,,,,,,
150903014,https://urbania.pe/inmueble/clasificado/veclapin-venta-de-departamento-en-casuarinas-sur-santiago-de-surco-3-dormitorios-ascensor-150903014,CASUARINAS SUR,"Venta Departamento en Casuarinas Sur S/ 730,300",PEN,730300.0,450.0,Apartment,Venta de Departamento en Santiago de Surco - Lima 3 Dormitorios y - 150903014 | Urbania Peru,"Vendo moderno e impecable departamento en 2do piso, con ascensor. Vista externa. Ubicación estratégica: cerca a Parques, Plaza Vea, colegios Inmaculada y ...",3.0,3.0,3.0,152.0,Casuarinas Sur,"Santiago de Surco, Lima, Lima, Peru urbania"
150850124,https://urbania.pe/inmueble/clasificado/vecllcin-venta-de-local-comercial-en-las-torres-de-limatambo-san-borja-150850124,LAS TORRES DE LIMATAMBO SAN BORJA,"Venta Local comercial en Las Torres De Limatambo S/ 18,500",PEN,18500.0,,,,,,,,,,
150964126,https://urbania.pe/inmueble/proyecto/veunapin-venta-de-departamento-en-residencial-san-felipe-jesus-maria-3-dormitorios-150964126,RESIDENCIAL SAN FELIPE,,,,,Apartment,Venta de Departamento en Jesús María - Lima 3 Dormitorios y - 150964126 | Urbania Peru,"3 dormitorios Tipo AX03-71.88, 3 dormitorios AX03-71.88...",3.0,3.0,2.0,71.0,Residencial San Felipe,"Jesús María, Lima, Lima, Peru urbania"
149983298,https://urbania.pe/inmueble/clasificado/veclcain-venta-de-casa-en-chosica-lurigancho-lima-5-a-mas-dormitorios-149983298,CHOSICA (LURIGANCHO),"Venta Casa en Chosica (Lurigancho) S/ 1,096,500",PEN,1096500.0,,House,Venta de Casa en Chosica (Lurigancho) - Lima 8 Dormitorios y - 149983298 | Urbania Peru,"Vendo casa en zona exclusiva y segura de Chaclacayo, a sólo 15 minutos en auto desde el Parque Central de Chaclacayo y la Municipalidad de Chaclacayo. En ...",8.0,8.0,8.0,946.0,Chosica (Lurigancho),"Lima, Lima, Peru urbania, "
150939495,https://urbania.pe/inmueble/clasificado/vecllcin-venta-de-local-comercial-en-lima-cercado-lima-150939495,LIMA CERCADO,"Venta Local comercial en Lima Cercado S/ 2,550,000",PEN,2550000.0,,,,,,,,,,
150686621,https://urbania.pe/inmueble/clasificado/veclapin-venta-de-departamento-en-bella-luz-santiago-de-surco-3-dormitorios-ascensor-150686621,BELLA LUZ,"Venta Departamento en Bella Luz S/ 1,390,000",PEN,1390000.0,900.0,Apartment,Venta de Departamento en Santiago de Surco - Lima 3 Dormitorios y - 150686621 | Urbania Peru,"¡AMPLIO DEPARTAMENTO EN VENTA O ALQUILER EN CHACARILLA – SURCO! Si buscas amplitud, comodidad y una excelente ubicación, esta es una oportunidad que no p...",3.0,3.0,2.0,183.0,Bella Luz,"Santiago de Surco, Lima, Lima, Peru urbania"
149353463,https://urbania.pe/inmueble/clasificado/veclapin-venta-de-departamento-en-pershing-magdalena-3-dormitorios-ascensor-149353463,PERSHING,"Venta Departamento en Pershing S/ 565,000",PEN,565000.0,300.0,Apartment,Venta de Departamento en Magdalena - Lima 3 Dormitorios y - 149353463 | Urbania Peru,"Ubicado en Urb. Pershing, Magdalena del Mar, este moderno departamento de 82 m² destaca por su excelente distribución, iluminación natural y acabados cont...",3.0,3.0,2.0,82.0,Pershing,"Magdalena, Lima, Lima, Peru urbania"
150917300,https://urbania.pe/inmueble/clasificado/veclapin-venta-de-departamento-en-san-isidro-lima-2-dormitorios-ascensor-150917300,SAN ISIDRO,"Venta Departamento en San Isidro S/ 467,945",PEN,467945.0,,Apartment,Venta de Departamento en San Isidro - Lima 2 Dormitorios y - 150917300 | Urbania Peru,Departamento en venta de 2 dormitorios a pocas cuadras del Parque de la Pera y el circuito de playas. Características: Sala comedor ...,2.0,2.0,2.0,54.0,San Isidro,"Lima, Lima, Peru urbania, "
64567114,https://urbania.pe/inmueble/clasificado/vecltein-venta-de-terreno-en-el-hueso-cerro-azul-64567114,EL HUESO CERRO AZUL,"Venta Terreno / Lote en El Hueso S/ 35,000",PEN,35000.0,125.0,,,,,,,,,
144677453,https://urbania.pe/inmueble/clasificado/veclapin-venta-de-departamento-en-chorrillos-lima-3-dormitorios-ascensor-144677453,CHORRILLOS,"Venta Departamento en Chorrillos S/ 425,000",PEN,425000.0,,Apartment,Venta de Departamento en Chorrillos - Lima 3 Dormitorios y - 144677453 | Urbania Peru,"¡Venta de departamentos en Chorrillos, frente al mar! Contáctame : Melissa Vicente 9 7 0 0 4 5 2 7 3 Si siempre soñaste con despertar con una vista es...",3.0,3.0,,129.0,Chorrillos,"Lima, Lima, Peru urbania, "
150881049,https://urbania.pe/inmueble/clasificado/veclapin-venta-de-departamento-en-miraflores-lima-3-dormitorios-ascensor-150881049,MIRAFLORES,"Venta Departamento en Miraflores S/ 1,003,000",PEN,1003000.0,779.0,Apartment,Venta de Departamento en Miraflores - Lima 3 Dormitorios y - 150881049 | Urbania Peru,"CALLE SAN MARTIN cdra. 8 piso 6, MIRAFLORES Ref.: a pasos de la Municipalidad, parque Reducto, Larcomar, bancos, restaurantes, etc. Área total: 150 m2 An...",3.0,3.0,2.0,150.0,Miraflores,"Lima, Lima, Peru urbania, "
146559166,https://urbania.pe/inmueble/clasificado/veclniin-venta-de-local-industrial-en-independencia-lima-ascensor-146559166,INDEPENDENCIA,"Venta Local industrial en Independencia S/ 5,789,227",PEN,5789227.0,,,,,,,,,,
150943006,https://urbania.pe/inmueble/clasificado/vecltein-venta-de-terreno-en-la-castellana-santiago-de-surco-3-dormitorios-150943006,LA CASTELLANA SANTIAGO DE SURCO 3 DORMITORIOS,"Venta Terreno / Lote en La Castellana S/ 1,683,000",PEN,1683000.0,,,,,,,,,,
149965692,https://urbania.pe/inmueble/clasificado/veclniin-venta-de-local-industrial-en-villa-el-salvador-lima-149965692,VILLA EL SALVADOR,"Venta Local industrial en Villa el Salvador S/ 24,500,000",PEN,24500000.0,,,,,,,,,,
146122901,https://urbania.pe/inmueble/clasificado/veclcain-venta-de-casa-en-chosica-lurigancho-lima-5-a-mas-dormitorios-146122901,CHOSICA (LURIGANCHO),"Venta Casa en Chosica (Lurigancho) S/ 2,171,000",PEN,2171000.0,,House,Venta de Casa en Chosica (Lurigancho) - Lima 9 Dormitorios y - 146122901 | Urbania Peru,"¡Increíble oportunidad de inversión! Venta de exclusivo condominio de 1,080m2 con cuatro casas independientes con Piscina de uso común, con un área total ...",9.0,9.0,8.0,1080.0,Chosica (Lurigancho),"Lima, Lima, Peru urbania, "
150972811,https://urbania.pe/inmueble/clasificado/veclapin-venta-de-departamento-en-pueblo-libre-lima-2-dormitorios-150972811,PUEBLO LIBRE,"Venta Departamento en Pueblo Libre S/ 488,042",PEN,488042.0,240.0,Apartment,Venta de Departamento en Pueblo Libre - Lima 2 Dormitorios y - 150972811 | Urbania Peru,"Amplitud y excelente ubicación. Área total: 104 m² Cl. Abraham Valdelomar, media cdra de Av. Simón Bolívar Primera Planta Sala – comedor, excelente ilumi...",2.0,2.0,2.0,104.0,Pueblo Libre,"Lima, Lima, Peru urbania, "
150835361,https://urbania.pe/inmueble/clasificado/veclapin-venta-de-departamento-en-la-molina-lima-5-a-mas-dormitorios-150835361,LA MOLINA,"Venta Departamento en La Molina S/ 1,206,000",PEN,1206000.0,,Apartment,Venta de Departamento en La Molina - Lima 7 Dormitorios y - 150835361 | Urbania Peru,"CONTACTO: Carla PicklingTELÉFONO: 9*2*7*9*9*6*6*7*3 ¿Te imaginas vivir en una amplia y cómoda propiedad, mientras el segundo nivel puede convertirse ...",7.0,7.0,4.0,475.0,La Molina,"Lima, Lima, Peru urbania, "
150525042,https://urbania.pe/inmueble/clasificado/veclapin-venta-de-departamento-en-san-miguel-lima-2-dormitorios-ascensor-150525042,SAN MIGUEL,"Venta Departamento en San Miguel S/ 420,000",PEN,420000.0,200.0,Apartment,Venta de Departamento en San Miguel - Lima 2 Dormitorios y - 150525042 | Urbania Peru,"DEPARTAMENTOS DE ESTRENO ENTREGA INMEDIATA | SAN MIGUEL Ubicado en San Miguel, cerca de avenidas principales, centros comerciales, universidades, colegio...",2.0,2.0,2.0,64.0,San Miguel,"Lima, Lima, Peru urbania, "
4559878,https://urbania.pe/inmueble/clasificado/veclcain-venta-de-casa-en-selva-alegre-arequipa-5-a-mas-dormitorios-4559878,SELVA ALEGRE,"Venta Casa en Selva Alegre S/ 2,390,000",PEN,2390000.0,,House,Venta de Casa en Arequipa - Arequipa 15 Dormitorios y - 4559878 | Urbania Peru,Amplia casa en esquina. 404 mtr2 de terreno. Apropiada para empresa (Oficinas-Almacenes) 14 ambientes de oficinas. 8 baños. Jardín interno amplio. Co...,15.0,15.0,8.0,403.0,Selva Alegre,"Arequipa, Arequipa, Arequipa, Peru urbania"
150927654,https://urbania.pe/inmueble/clasificado/veclapin-venta-de-departamento-en-santiago-de-surco-lima-3-dormitorios-150927654,SANTIAGO DE SURCO,"Venta Departamento en Santiago de Surco S/ 449,750",PEN,449750.0,,Apartment,Venta de Departamento en Santiago de Surco - Lima 3 Dormitorios y - 150927654 | Urbania Peru,"¿Buscas espacio real, tranquilidad y una ubicación estratégica en Surco? Este departamento en 8vo piso (último piso, máxima privacidad y cero ruido de vec...",3.0,3.0,2.0,83.0,Santiago de Surco,"Lima, Lima, Peru urbania, "
66124298,https://urbania.pe/inmueble/clasificado/vecltein-venta-de-terreno-en-los-reyes-cerro-azul-66124298,LOS REYES CERRO AZUL,"Venta Terreno / Lote en Los Reyes S/ 51,000",PEN,51000.0,127.0,,,,,,,,,
150944019,https://urbania.pe/inmueble/clasificado/vecllcin-venta-de-local-comercial-en-chorrillos-lima-2-dormitorios-150944019,CHORRILLOS,"Venta Local comercial en Chorrillos S/ 800,000",PEN,800000.0,,,,,,,,,,
150911184,https://urbania.pe/inmueble/clasificado/veclapin-venta-de-departamento-en-miraflores-lima-4-dormitorios-ascensor-150911184,MIRAFLORES,"Venta Departamento en Miraflores S/ 1,904,000",PEN,1904000.0,600.0,Apartment,Venta de Departamento en Miraflores - Lima 4 Dormitorios y - 150911184 | Urbania Peru,"Exclusivo dúplex de estreno en Colón, Miraflores, desarrollado por la constructora Magnífica. Una propiedad de diseño contemporáneo y acabados premium, ub...",4.0,4.0,4.0,214.0,Miraflores,"Lima, Lima, Peru urbania, "
150912067,https://urbania.pe/inmueble/clasificado/veclapin-venta-de-departamento-en-miraflores-lima-2-dormitorios-150912067,MIRAFLORES,"Venta Departamento en Miraflores S/ 619,000",PEN,619000.0,,Apartment,Venta de Departamento en Miraflores - Lima 2 Dormitorios y - 150912067 | Urbania Peru,"Departamento ubicado en el corazón de Miraflores, rodeado de restaurantes, cafés, tiendas por departamento, centros de estudios, supermercados, clubes, pa...",2.0,2.0,2.0,65.0,Miraflores,"Lima, Lima, Peru urbania, "
150946360,https://urbania.pe/inmueble/clasificado/veclapin-venta-de-departamento-en-orrantia-san-isidro-3-dormitorios-150946360,ORRANTIA,"Venta Departamento en Orrantia S/ 1,445,000",PEN,1445000.0,600.0,Apartment,Venta de Departamento en San Isidro - Lima 3 Dormitorios y - 150946360 | Urbania Peru,"Precio: USD 425,000 Los Robles – San Isidro Dúplex N.° 604 | Pisos 6 y 7 Área total: 177.31 m² 3 dormitorios | 2 baños completos + 2 baños de visita | TV ...",3.0,3.0,2.0,177.0,Orrantia,"San Isidro, Lima, Lima, Peru urbania"
150964137,https://urbania.pe/inmueble/proyecto/veunapin-venta-de-departamento-en-residencial-san-felipe-jesus-maria-3-dormitorios-150964137,RESIDENCIAL SAN FELIPE,,,,,Apartment,Venta de Departamento en Jesús María - Lima 3 Dormitorios y - 150964137 | Urbania Peru,"3 dormitorios Tipo B104, 3 dormitorios Tipo B104...",3.0,3.0,2.0,85.0,Residencial San Felipe,"Jesús María, Lima, Lima, Peru urbania"
150950605,https://urbania.pe/inmueble/clasificado/veclapin-venta-de-departamento-en-san-isidro-lima-150950605,SAN ISIDRO,"Venta Departamento en San Isidro S/ 340,000",PEN,340000.0,,Apartment,Venta de Departamento en San Isidro - Lima 0 Dormitorio y - 150950605 | Urbania Peru,"¡Bienvenido al corazón vibrante de San Isidro! Presentamos un encantador departamento ubicado en la prestigiosa Calle Los Laureles, un área conocida por s...",,,,98.0,San Isidro,"Lima, Lima, Peru urbania, "
149642932,https://urbania.pe/inmueble/clasificado/veclapin-venta-de-departamento-en-santiago-de-surco-lima-2-dormitorios-149642932,SANTIAGO DE SURCO,"Venta Departamento en Santiago de Surco S/ 631,000",PEN,631000.0,380.0,Apartment,Venta de Departamento en Santiago de Surco - Lima 2 Dormitorios y - 149642932 | Urbania Peru,"Estreno Vive en un edificio certificado EDGE, diseñado para reducir consumo y ofrecer mayor confort. Ubicado rente a un parque, en una zona tranquila y co...",2.0,2.0,2.0,80.0,Santiago de Surco,"Lima, Lima, Peru urbania, "
149954228,https://urbania.pe/inmueble/clasificado/veclcain-venta-de-casa-en-la-molina-lima-4-dormitorios-149954228,LA MOLINA,"Venta Casa en La Molina S/ 2,958,000",PEN,2958000.0,1200.0,House,Venta de Casa en La Molina - Lima 4 Dormitorios y - 149954228 | Urbania Peru,"EXCLUSIVA CASA MODERNA EN CONDOMINIO LA PORTADA DEL HARAS – LA MOLINA ELEGANTE, MODERNA E IMPECABLE CASA ESTILO MINIMALISTA, ubicada en el exclusivo Cond...",4.0,4.0,4.0,500.0,La Molina,"Lima, Lima, Peru urbania, "
150931384,https://urbania.pe/inmueble/clasificado/veclcain-venta-de-casa-en-puerto-viejo-san-antonio-san-antonio-4-dormitorios-150931384,PUERTO VIEJO - SAN ANTONIO,"Venta Casa en Puerto Viejo - San Antonio S/ 641,000",PEN,641000.0,600.0,House,Venta de Casa en San Antonio - Grau 4 Dormitorios y - 150931384 | Urbania Peru,Casa en condominio exclusivoUbicación privilegiada: A solo 1 hora de Lima y 20 min del Boulevard de Asia 3 niveles con amplias terraza 4 dormitorios ...,4.0,4.0,3.0,95.0,Puerto Viejo - San Antonio,"San Antonio, Grau, Apurimac, Peru urbania"
150047147,https://urbania.pe/inmueble/clasificado/vecltein-venta-de-terreno-en-san-sebastian-cusco-150047147,SAN SEBASTIAN CUSCO,"Venta Terreno / Lote en San Sebastian S/ 170,500",PEN,170500.0,,,,,,,,,,
150915170,https://urbania.pe/inmueble/clasificado/veclcain-venta-de-casa-en-los-alamos-de-monterrico-santiago-de-surco-4-dormitorios-150915170,LOS ALAMOS DE MONTERRICO,"Venta Casa en Los Alamos De Monterrico S/ 2,550,000",PEN,2550000.0,,House,Venta de Casa en Santiago de Surco - Lima 4 Dormitorios y - 150915170 | Urbania Peru,HERMOSA CASA EN VENTA CON INCREIBLE VISTA A LA CIUDAD AREA DE TERRENO 1006 M2 AREA TECHADA 336 M2 LA CASA CUENTA CON 4 DORMITORIOS CADA UNO CON BAÑO INCOR...,4.0,4.0,5.0,1462.0,Los Alamos De Monterrico,"Santiago de Surco, Lima, Lima, Peru urbania"
150851648,https://urbania.pe/inmueble/clasificado/veclcain-venta-de-casa-en-san-juan-de-lurigancho-lima-3-dormitorios-150851648,SAN JUAN DE LURIGANCHO,"Venta Casa en San Juan de Lurigancho S/ 475,000",PEN,475000.0,,House,Venta de Casa en San Juan de Lurigancho - Lima 3 Dormitorios y - 150851648 | Urbania Peru,SE VENDE CASA DE 3 PISOS MAS AZOTEA EN ESQUINA EN SANTA MARIA. SE UBICA ALT. DE PARQUE 27 DE MARZO CUENTA CON UN AREA DE TERRENO DE 119M2 CONSTRUIDO 3 PIS...,3.0,3.0,2.0,119.0,San Juan de Lurigancho,"Lima, Lima, Peru urbania, "
150912526,https://urbania.pe/inmueble/clasificado/veclapin-venta-de-departamento-en-punta-hermosa-lima-4-dormitorios-ascensor-150912526,PUNTA HERMOSA,"Venta Departamento en Punta Hermosa S/ 2,005,000",PEN,2005000.0,200.0,Apartment,Venta de Departamento en Punta Hermosa - Lima 4 Dormitorios y - 150912526 | Urbania Peru,"ESPECTACULAR PENT HOUSE CON LA MEJOR VISTA AL MAR! A solo 35 minutos de Lima, descubre este espectacular Penthouse en Punta Hermosa, diseñado para qu...",4.0,4.0,4.0,251.0,Punta Hermosa,"Lima, Lima, Peru urbania, "
150947471,https://urbania.pe/inmueble/clasificado/veclapin-venta-de-departamento-en-santiago-de-surco-lima-3-dormitorios-ascensor-150947471,SANTIAGO DE SURCO,"Venta Departamento en Santiago de Surco S/ 991,200",PEN,991200.0,,Apartment,Venta de Departamento en Santiago de Surco - Lima 3 Dormitorios y - 150947471 | Urbania Peru,"Venta de Amplio Departamento de 157 m² en Valle Hermoso – Surco | Excelente Ubicación Moderno y amplio flat listo para mudarse, ubicado en una ...",3.0,3.0,3.0,157.0,Santiago de Surco,"Lima, Lima, Peru urbania, "
150719408,https://urbania.pe/inmueble/clasificado/veclcdin-venta-de-casa-de-campo-en-asia-canete-4-dormitorios-150719408,ASIA CANETE 4 DORMITORIOS,"Venta Casa de campo en Asia S/ 1,185,000",PEN,1185000.0,,,,,,,,,,
61681619,https://urbania.pe/inmueble/clasificado/vecllcin-venta-de-local-comercial-en-callao-lima-61681619,CALLAO,"Venta Local comercial en Callao S/ 945,401",PEN,945401.0,,,,,,,,,,
150953987,https://urbania.pe/inmueble/clasificado/veclapin-venta-de-departamento-en-miraflores-lima-1-dormitorio-ascensor-150953987,MIRAFLORES,"Venta Departamento en Miraflores S/ 638,207",PEN,638207.0,,Apartment,Venta de Departamento en Miraflores - Lima 1 Dormitorio y - 150953987 | Urbania Peru,"Hermoso departamento flat de 1 dormitorio y 2 baños a sólo 4 cuadras de Larcomar, a pasos de la Bajada Balta y el malecón. Características:",1.0,1.0,2.0,69.0,Miraflores,"Lima, Lima, Peru urbania, "
143015231,https://urbania.pe/inmueble/clasificado/veclapin-venta-de-departamento-en-aurora-miraflores-3-dormitorios-ascensor-143015231,AURORA,"Venta Departamento en Aurora S/ 1,632,200",PEN,1632200.0,,Apartment,Venta de Departamento en Miraflores - Lima 3 Dormitorios y - 143015231 | Urbania Peru,"(Cod.DS-LYPY1019) Entrega Inmediata Lujoso edificio ubicado en Avenida Ricardo Palma, Urbanización Aurora - Miraflores. Rodeado de parques, cerca a restau...",3.0,3.0,2.0,194.0,Aurora,"Miraflores, Lima, Lima, Peru urbania"
149152707,https://urbania.pe/inmueble/clasificado/veclapin-venta-de-departamento-en-miraflores-lima-4-dormitorios-ascensor-149152707,MIRAFLORES,"Venta Departamento en Miraflores S/ 1,426,000",PEN,1426000.0,710.0,Apartment,Venta de Departamento en Miraflores - Lima 4 Dormitorios y - 149152707 | Urbania Peru,Este espectacular Dúplex en la Calle Porta cuadra 5 acaba de bajar de precio y es el equilibrio perfecto entre la energía vibrante de Miraflores y la sere...,4.0,4.0,3.0,233.0,Miraflores,"Lima, Lima, Peru urbania, "
150795153,https://urbania.pe/inmueble/clasificado/veclapin-venta-de-departamento-en-golf-los-incas-santiago-de-surco-4-dormitorios-ascensor-150795153,GOLF LOS INCAS,"Venta Departamento en Golf Los Incas S/ 2,805,000",PEN,2805000.0,,Apartment,Venta de Departamento en Santiago de Surco - Lima 4 Dormitorios y - 150795153 | Urbania Peru,Sofisticación y Amplitud Frente al Golf: Un Refugio de Lujo Absoluto Este majestuoso penthouse dúplex de 558 m² representa la cumbre del diseño residenci...,4.0,4.0,4.0,558.0,Golf Los Incas,"Santiago de Surco, Lima, Lima, Peru urbania"
150931410,https://urbania.pe/inmueble/clasificado/veclapin-venta-de-departamento-en-miraflores-lima-3-dormitorios-150931410,MIRAFLORES,"Venta Departamento en Miraflores S/ 1,870,000",PEN,1870000.0,1400.0,Apartment,Venta de Departamento en Miraflores - Lima 3 Dormitorios y - 150931410 | Urbania Peru,"Primer piso: Sala, comedor muy iluminados. Las 2 áreas tienen salida a balcón Baño de visitas Ambiente que puede funcionar como cuarto o...",3.0,3.0,2.0,220.0,Miraflores,"Lima, Lima, Peru urbania, "
150927127,https://urbania.pe/inmueble/clasificado/veclapin-venta-de-departamento-en-miraflores-lima-2-dormitorios-ascensor-150927127,MIRAFLORES,"Venta Departamento en Miraflores S/ 550,800",PEN,550800.0,300.0,Apartment,Venta de Departamento en Miraflores - Lima 2 Dormitorios y - 150927127 | Urbania Peru,Se Vende Amoblado y equipado hermoso departamento en Surco limite con Miraflores ubicado en una zona tranquila y con faciles accesos. El Departamento se e...,2.0,2.0,2.0,71.0,Miraflores,"Lima, Lima, Peru urbania, "
59380611,https://urbania.pe/inmueble/clasificado/vecltein-venta-de-terreno-en-paracas-pisco-59380611,PARACAS PISCO,"Venta Terreno / Lote en Paracas S/ 1,617,270",PEN,1617270.0,,,,,,,,,,
13461873,https://urbania.pe/inmueble/clasificado/vecltein-venta-de-terreno-en-san-juan-chorrillos-13461873,SAN JUAN CHORRILLOS,"Venta Terreno / Lote en San Juan S/ 247,500",PEN,247500.0,,,,,,,,,,
150939504,https://urbania.pe/inmueble/clasificado/veclapin-venta-de-departamento-en-jesus-maria-lima-1-dormitorio-ascensor-150939504,JESÚS MARÍA,"Venta Departamento en Jesús María S/ 332,000",PEN,332000.0,,Apartment,Venta de Departamento en Jesús María - Lima 1 Dormitorio y - 150939504 | Urbania Peru,"Dpto. en zona céntrica a pasos de la zona comercial de Jesús Maria y plaza San José. Con todo a la mano, este dpto. tiene una excelente distrib...",1.0,1.0,1.0,43.0,Jesús María,"Lima, Lima, Peru urbania, "
150931932,https://urbania.pe/inmueble/clasificado/vecltein-venta-de-terreno-en-la-planicie-la-molina-5-a-mas-dormitorios-150931932,LA PLANICIE LA MOLINA 5 A MAS DORMITORIOS,"Venta Terreno / Lote en La Planicie S/ 9,000,000",PEN,9000000.0,1.0,,,,,,,,,
149609467,https://urbania.pe/inmueble/clasificado/veclapin-venta-de-departamento-en-cayma-arequipa-2-dormitorios-ascensor-149609467,CAYMA,"Venta Departamento en Cayma S/ 640,000",PEN,640000.0,220.0,Apartment,Venta de Departamento en Cayma - Arequipa 2 Dormitorios y - 149609467 | Urbania Peru,Lindo departamento de 112M2. 4to Piso. Excelente vista e iluminación. Sala-comedor. Cocina estilo americano. con mesada de granito. 2 Dormitorios. Dormito...,2.0,2.0,2.0,140.0,Cayma,"Arequipa, Arequipa, Peru urbania, "
150922709,https://urbania.pe/inmueble/clasificado/veclapin-venta-de-departamento-en-jorge-chavez-surquillo-4-dormitorios-ascensor-150922709,JORGE CHAVEZ,"Venta Departamento en Jorge Chavez S/ 840,397",PEN,840397.0,150.0,Apartment,Venta de Departamento en Surquillo - Lima 4 Dormitorios y - 150922709 | Urbania Peru,"VENTA DE DUPLEX EN SURQUILLO Espectacular Dúplex de 151 m² Ubicado en la cdra. 6 de Av. Principal, a pasos de parques y zonas comerc...",4.0,4.0,3.0,151.0,Jorge Chavez,"Surquillo, Lima, Lima, Peru urbania"
150912162,https://urbania.pe/inmueble/clasificado/veclcain-venta-de-casa-en-miraflores-lima-3-dormitorios-150912162,MIRAFLORES,"Venta Casa en Miraflores S/ 3,083,800",PEN,3083800.0,,House,Venta de Casa en Miraflores - Lima 3 Dormitorios y - 150912162 | Urbania Peru,VENTA DE TERRENO EN LA AURORA – MIRAFLORES | 504 m²Excelente oportunidad de inversión para desarrollo inmobiliario Ubicada en una de las zonas ...,3.0,3.0,4.0,504.0,Miraflores,"Lima, Lima, Peru urbania, "
150929273,https://urbania.pe/inmueble/clasificado/veclapin-venta-de-departamento-en-lince-lima-3-dormitorios-150929273,LINCE,"Venta Departamento en Lince S/ 469,000",PEN,469000.0,,Apartment,Venta de Departamento en Lince - Lima 3 Dormitorios y - 150929273 | Urbania Peru,"Departamento de 62.41 m², con 3 dormitorios y 2 baños, en Lince. Una alternativa a evaluar para quienes buscan invertir en un departamento de estreno con ...",3.0,3.0,2.0,62.0,Lince,"Lima, Lima, Peru urbania, "
150951376,https://urbania.pe/inmueble/clasificado/veclcain-venta-de-casa-en-pueblo-libre-lima-1-dormitorio-150951376,PUEBLO LIBRE,"Venta Casa en Pueblo Libre S/ 837,500",PEN,837500.0,,House,Venta de Casa en Pueblo Libre - Lima 1 Dormitorio y - 150951376 | Urbania Peru,"CASA EN VENTA – PUEBLO LIBRE Precio: US$250,000 Área de terreno: 120 m² ¡Excelente oportunidad para construir la casa que siempre soñaste o desarrollar un...",1.0,1.0,1.0,120.0,Pueblo Libre,"Lima, Lima, Peru urbania, "
150665539,https://urbania.pe/inmueble/clasificado/veclcpin-venta-de-casa-de-playa-en-pucusana-pucusana-5-a-mas-dormitorios-150665539,PUCUSANA PUCUSANA 5 A MAS DORMITORIOS,"Venta Casa de playa en Pucusana S/ 2,455,000",PEN,2455000.0,2000.0,,,,,,,,,
149325114,https://urbania.pe/inmueble/clasificado/veclapin-venta-de-departamento-en-las-casuarinas-santiago-de-surco-3-dormitorios-ascensor-149325114,LAS CASUARINAS,"Venta Departamento en Las Casuarinas S/ 1,297,450",PEN,1297450.0,650.0,Apartment,Venta de Departamento en Santiago de Surco - Lima 3 Dormitorios y - 149325114 | Urbania Peru,"Exclusivo departamento duplex en la Urb. Las Casuarinas, en el cerro San francisco con tranquera. Gran seguridad a cargo de la Asociación Casuarinas.",3.0,3.0,3.0,234.0,Las Casuarinas,"Santiago de Surco, Lima, Lima, Peru urbania"
150934461,https://urbania.pe/inmueble/clasificado/veclapin-venta-de-departamento-en-san-miguel-lima-1-dormitorio-150934461,SAN MIGUEL,"Venta Departamento en San Miguel S/ 300,600",PEN,300600.0,,Apartment,Venta de Departamento en San Miguel - Lima 1 Dormitorio y - 150934461 | Urbania Peru,"Ubicado en Av. Bertolotto, a pasos del Malecón Bertolotto, Av. Costanera y Circuito de Playas. Edificio Atlantik Ocean Tower Moderno edif...",1.0,1.0,1.0,47.0,San Miguel,"Lima, Lima, Peru urbania, "
150306766,https://urbania.pe/inmueble/clasificado/veclapin-venta-de-departamento-en-higuereta-santiago-de-surco-1-dormitorio-ascensor-150306766,HIGUERETA,"Venta Departamento en Higuereta S/ 519,405",PEN,519405.0,420.0,Apartment,Venta de Departamento en Santiago de Surco - Lima 1 Dormitorio y - 150306766 | Urbania Peru,"Acogedor y funcional departamento ubicado en Jr. Marcona, Surco, en primer piso, ideal para quienes buscan comodidad y fácil acceso. Cuenta con ingreso di...",1.0,1.0,1.0,106.0,Higuereta,"Santiago de Surco, Lima, Lima, Peru urbania"
150966140,https://urbania.pe/inmueble/proyecto/veunapin-venta-de-departamento-en-san-miguel-lima-2-dormitorios-150966140,SAN MIGUEL,,,,,Apartment,Venta de Departamento en San Miguel - Lima 2 Dormitorios y - 150966140 | Urbania Peru,Departamento de 2 dormitorios....,2.0,2.0,2.0,45.0,San Miguel,"Lima, Lima, Peru urbania, "
150927663,https://urbania.pe/inmueble/clasificado/vecltein-venta-de-terreno-en-surquillo-lima-150927663,SURQUILLO,"Venta Terreno / Lote en Surquillo S/ 2,210,000",PEN,2210000.0,,,,,,,,,,
150023185,https://urbania.pe/inmueble/clasificado/veclapin-venta-de-departamento-en-chacarilla-del-estanque-santiago-de-surco-2-dormitorios-ascensor-150023185,CHACARILLA DEL ESTANQUE,"Venta Departamento en Chacarilla Del Estanque S/ 970,000",PEN,970000.0,400.0,Apartment,Venta de Departamento en Santiago de Surco - Lima 2 Dormitorios y - 150023185 | Urbania Peru,"Excelente ubicación, a pasos de Caminos del Inca, en una de las zonas más exclusivas y residenciales de Surco. Departamento ubicado en 2do piso con ascen...",2.0,2.0,4.0,104.0,Chacarilla Del Estanque,"Santiago de Surco, Lima, Lima, Peru urbania"
4065755,https://urbania.pe/inmueble/clasificado/veclapin-venta-de-departamento-en-san-isidro-lima-4-dormitorios-ascensor-4065755,SAN ISIDRO,"Venta Departamento en San Isidro S/ 1,786,000",PEN,1786000.0,850.0,Apartment,Venta de Departamento en San Isidro - Lima 4 Dormitorios y - 4065755 | Urbania Peru,"ÉSTA PROPIEDAD NO SE COMPARTE CON AGENTES INMOBILIARIOS. (Cod. DS-SIVT164) Acogedor departamento flat ubicado en piso 8 de edificio en Av. Miró Quesada, e...",4.0,4.0,3.0,266.0,San Isidro,"Lima, Lima, Peru urbania, "
150974706,https://urbania.pe/inmueble/clasificado/vecltein-venta-de-terreno-en-san-juan-de-lurigancho-lima-150974706,SAN JUAN DE LURIGANCHO,"Venta Terreno / Lote en San Juan de Lurigancho S/ 400,800",PEN,400800.0,,,,,,,,,,
150743182,https://urbania.pe/inmueble/clasificado/vecltein-venta-de-terreno-en-los-huertos-de-villa-chorrillos-150743182,LOS HUERTOS DE VILLA CHORRILLOS,"Venta Terreno / Lote en Los Huertos De Villa S/ 6,780,000",PEN,6780000.0,,,,,,,,,,
150060939,https://urbania.pe/inmueble/proyecto/veunapin-venta-de-departamento-en-miraflores-lima-2-dormitorios-150060939,MIRAFLORES,,,,,Apartment,Venta de Departamento en Miraflores - Lima 2 Dormitorios y - 150060939 | Urbania Peru,Un espacio íntimo para diseñar tu estilo de vida....,2.0,2.0,2.0,68.0,Miraflores,"Lima, Lima, Peru urbania, "
146742398,https://urbania.pe/inmueble/clasificado/veclocin-venta-de-oficina-en-pando-etapa-i-san-miguel-ascensor-146742398,PANDO ETAPA I SAN MIGUEL ASCENSOR,"Venta Oficina en Pando Etapa I S/ 393,800",PEN,393800.0,250.0,,,,,,,,,
150917748,https://urbania.pe/inmueble/clasificado/veclapin-venta-de-departamento-en-santiago-de-surco-lima-3-dormitorios-ascensor-150917748,SANTIAGO DE SURCO,"Venta Departamento en Santiago de Surco S/ 620,050",PEN,620050.0,250.0,Apartment,Venta de Departamento en Santiago de Surco - Lima 3 Dormitorios y - 150917748 | Urbania Peru,DEPARTAMENTO TOTALMENTE REMODELADO EN SURCO AO &#x3D; 90m2 / AT &#x3D; 90m2 / Antigüedad &#x3D; 18 años / Remodelado &#x3D; Hace 4 meses UBICACIÓN.- E...,3.0,3.0,2.0,90.0,Santiago de Surco,"Lima, Lima, Peru urbania, "
144611992,https://urbania.pe/inmueble/clasificado/vecltein-venta-de-terreno-en-paracas-pisco-144611992,PARACAS PISCO,"Venta Terreno / Lote en Paracas S/ 374,750",PEN,374750.0,500.0,,,,,,,,,
150848104,https://urbania.pe/inmueble/clasificado/veclapin-venta-de-departamento-en-lima-cercado-lima-3-dormitorios-ascensor-150848104,LIMA CERCADO,"Venta Departamento en Lima Cercado S/ 608,700",PEN,608700.0,490.0,Apartment,Venta de Departamento en Lima Cercado - Lima 3 Dormitorios y - 150848104 | Urbania Peru,"¡Vive con amplitud, comodidad y una vista privilegiada de la ciudad! Ubicado en Mariano Cornejo, cuadra 14, en una zona estratégica y con excelente conec...",3.0,3.0,3.0,120.0,Lima Cercado,"Lima, Lima, Peru urbania, "
13325284,https://urbania.pe/inmueble/clasificado/veclniin-venta-de-local-industrial-en-villa-el-salvador-lima-ascensor-13325284,VILLA EL SALVADOR,"Venta Local industrial en Villa el Salvador S/ 8,329,306",PEN,8329306.0,,,,,,,,,,
148292126,https://urbania.pe/inmueble/clasificado/veclapin-venta-de-departamento-en-maranga-san-miguel-3-dormitorios-ascensor-148292126,MARANGA,"Venta Departamento en Maranga S/ 429,000",PEN,429000.0,100.0,Apartment,Venta de Departamento en San Miguel - Lima 3 Dormitorios y - 148292126 | Urbania Peru,"Departamentos de estreno, ubicado en segundo piso , no paga alcabala Proyecto boutique con solo 10 departamentos, pensado para darte tranquilidad, comodid...",3.0,3.0,2.0,74.0,Maranga,"San Miguel, Lima, Lima, Peru urbania"
150944358,https://urbania.pe/inmueble/clasificado/veclapin-venta-de-departamento-en-santiago-de-surco-lima-3-dormitorios-150944358,SANTIAGO DE SURCO,"Venta Departamento en Santiago de Surco S/ 506,000",PEN,506000.0,150.0,Apartment,Venta de Departamento en Santiago de Surco - Lima 3 Dormitorios y - 150944358 | Urbania Peru,"Disfruta de vivir en un departamento amplio, cómodo y con excelente iluminación, con fácil acceso a la Av. Los Próceres y Guardia Civil Norte, cerca de su...",3.0,3.0,2.0,108.0,Santiago de Surco,"Lima, Lima, Peru urbania, "
149353011,https://urbania.pe/inmueble/clasificado/vecltein-venta-de-terreno-en-san-sebastian-cusco-149353011,SAN SEBASTIAN CUSCO,"Venta Terreno / Lote en San Sebastian S/ 207,600",PEN,207600.0,,,,,,,,,,
145153341,https://urbania.pe/inmueble/clasificado/veclcain-venta-de-casa-en-yanahuara-arequipa-5-a-mas-dormitorios-145153341,YANAHUARA,"Venta Casa en Yanahuara S/ 8,671,000",PEN,8671000.0,,House,Venta de Casa en Yanahuara - Arequipa 60 Dormitorios y - 145153341 | Urbania Peru,"¡Ideal hotel, colegio, universidad, clínica, etc.! Extraordinaria propiedad cerca del Policlínico de Yanahuara y la Recoleta. Más de 1,500m² de A. Terre...",60.0,60.0,12.0,1524.0,Yanahuara,"Arequipa, Arequipa, Peru urbania, "
150940494,https://urbania.pe/inmueble/clasificado/veclcain-venta-de-casa-en-el-agustino-lima-5-a-mas-dormitorios-150940494,EL AGUSTINO,"Venta Casa en El Agustino S/ 851,700",PEN,851700.0,,House,Venta de Casa en El Agustino - Lima 7 Dormitorios y - 150940494 | Urbania Peru,CONTACTO: Francis Gardois TELÉFONO: 9*3*9*4*1*9*1*5*6 *CON CONTRATO DE POSESION POR LA ASOC DE VIVIENDA* PROX AÑO SALE PARTIDA REGISTRAL PR...,7.0,7.0,5.0,425.0,El Agustino,"Lima, Lima, Peru urbania, "
148784950,https://urbania.pe/inmueble/clasificado/veclapin-venta-de-departamento-en-chorrillos-lima-3-dormitorios-ascensor-148784950,CHORRILLOS,"Venta Departamento en Chorrillos S/ 415,800",PEN,415800.0,,Apartment,Venta de Departamento en Chorrillos - Lima 3 Dormitorios y - 148784950 | Urbania Peru,"Moderno proyecto ubicado en la Avenida Faisanes, muy cerca de Real Plaza Guardia Civil. Hermosos departamentos con acabados de gran calidad; además de con...",3.0,3.0,2.0,65.0,Chorrillos,"Lima, Lima, Peru urbania, "
150406805,https://urbania.pe/inmueble/clasificado/vecltein-venta-de-terreno-en-san-martin-sunampe-150406805,SAN MARTIN SUNAMPE,"Venta Terreno / Lote en San Martin S/ 1,480,000",PEN,1480000.0,,,,,,,,,,
150345034,https://urbania.pe/inmueble/clasificado/veclcain-venta-de-casa-en-el-sol-de-la-molina-et3-la-molina-3-dormitorios-150345034,EL SOL DE LA MOLINA ET.3,"Venta Casa en El Sol De La Molina Et.3 S/ 5,600,000",PEN,5600000.0,,House,Venta de Casa en La Molina - Lima 3 Dormitorios y - 150345034 | Urbania Peru,VENTA DE 4 CASAS EN EXCLUSIVO CONDOMINIO EN SOL DE LA MOLINA Ubicados: Calle Costa de Oro 120 - Lote 3 Mz 3-B - III Etapa Urb el sol de La Molina A.T 165...,3.0,3.0,3.0,1650.0,El Sol De La Molina Et.3,"La Molina, Lima, Lima, Peru urbania"
150969870,https://urbania.pe/inmueble/clasificado/veclapin-venta-de-departamento-en-santiago-de-surco-lima-3-dormitorios-150969870,SANTIAGO DE SURCO,"Venta Departamento en Santiago de Surco S/ 1,318,800",PEN,1318800.0,,Apartment,Venta de Departamento en Santiago de Surco - Lima 3 Dormitorios y - 150969870 | Urbania Peru,"Edificio de nueva construcción de nueve pisos, este exclusivo departamento, ubicado en el noveno piso, ofrece una cautivadora vista a la calle. La segurid...",3.0,3.0,4.0,172.0,Santiago de Surco,"Lima, Lima, Peru urbania, "
150963827,https://urbania.pe/inmueble/clasificado/veclapin-venta-de-departamento-en-miraflores-lima-3-dormitorios-150963827,MIRAFLORES,"Venta Departamento en Miraflores S/ 1,088,000",PEN,1088000.0,650.0,Apartment,Venta de Departamento en Miraflores - Lima 3 Dormitorios y - 150963827 | Urbania Peru,"Amplio y moderno departamento de 119 m² ubicado en la Av. 28 de Julio, en una excelente zona de Miraflores, con fácil acceso a principales avenidas, comer...",3.0,3.0,2.0,119.0,Miraflores,"Lima, Lima, Peru urbania, "
90171783,https://urbania.pe/inmueble/clasificado/vecltein-venta-de-terreno-en-cieneguilla-lima-90171783,CIENEGUILLA,"Venta Terreno / Lote en Cieneguilla S/ 513,590",PEN,513590.0,834.0,,,,,,,,,
146633590,https://urbania.pe/inmueble/clasificado/veclapin-venta-de-departamento-en-honor-y-lealtad-santiago-de-surco-3-dormitorios-ascensor-146633590,HONOR Y LEALTAD,"Venta Departamento en Honor Y Lealtad S/ 770,000",PEN,770000.0,,Apartment,Venta de Departamento en Santiago de Surco - Lima 3 Dormitorios y - 146633590 | Urbania Peru,Hermoso Flat de Estreno en Santiago de Surco. No Paga Alcabala Descubra un Nuevo Nivel de Vida en Nuestro Exclusivo Edificio Eco-Sostenible Ubicado es...,3.0,3.0,2.0,110.0,Honor Y Lealtad,"Santiago de Surco, Lima, Lima, Peru urbania"
150688902,https://urbania.pe/inmueble/clasificado/veclcain-venta-de-casa-en-santa-teresa-de-las-gardenias-santiago-de-surco-4-dormitorios-150688902,SANTA TERESA DE LAS GARDENIAS,"Venta Casa en Santa Teresa De Las Gardenias S/ 1,800,000",PEN,1800000.0,500.0,House,Venta de Casa en Santiago de Surco - Lima 4 Dormitorios y - 150688902 | Urbania Peru,Vendo linda casa en condominio de 11 casas remodelada en Jr. Batallón Callao Norte cuadra 2 – Urbanización Santa Teresa - Surco – AT:234m2 – AC:345m2 - Pi...,4.0,4.0,4.0,234.0,Santa Teresa De Las Gardenias,"Santiago de Surco, Lima, Lima, Peru urbania"
150441590,https://urbania.pe/inmueble/clasificado/veclapin-venta-de-departamento-en-san-miguel-lima-3-dormitorios-150441590,SAN MIGUEL,"Venta Departamento en San Miguel S/ 390,000",PEN,390000.0,,Apartment,Venta de Departamento en San Miguel - Lima 3 Dormitorios y - 150441590 | Urbania Peru,Vendo departamento OCASION SAN MIGUEL LIMITE MAGDALENA ALTURA MUNICIPALIDAD SAN MIGUEL Y CERCA A POCAS CUADRAS DEL MALECON BERTOLOTO RODEADO DE PARQUES Y ...,3.0,3.0,2.0,81.0,San Miguel,"Lima, Lima, Peru urbania, "
150909903,https://urbania.pe/inmueble/clasificado/veclcdpa-venta-de-casa-de-campo-en-huayllabamba-urubamba-4-dormitorios-150909903,HUAYLLABAMBA URUBAMBA 4 DORMITORIOS,"Venta Casa de campo en Huayllabamba S/ 1,512,000",PEN,1512000.0,,,,,,,,,,
149251930,https://urbania.pe/inmueble/clasificado/veclapin-venta-de-departamento-en-pueblo-libre-lima-1-dormitorio-ascensor-149251930,PUEBLO LIBRE,"Venta Departamento en Pueblo Libre S/ 309,935",PEN,309935.0,150.0,Apartment,Venta de Departamento en Pueblo Libre - Lima 1 Dormitorio y - 149251930 | Urbania Peru,"Entrega Inmediata | Av. Mariano Cornejo | NO PAGA ALCABALA ¿Buscas independencia, estilo y una ubicación estratégica? Este departamento de estreno es la o...",1.0,1.0,1.0,50.0,Pueblo Libre,"Lima, Lima, Peru urbania, "
150965541,https://urbania.pe/inmueble/clasificado/veclapin-venta-de-departamento-en-la-calera-de-la-merced-surquillo-3-dormitorios-150965541,LA CALERA DE LA MERCED,"Venta Departamento en La Calera De La Merced S/ 376,660",PEN,376660.0,,Apartment,Venta de Departamento en Surquillo - Lima 3 Dormitorios y - 150965541 | Urbania Peru,"Vive con excelente conectividad, áreas comunes de primer nivel y en una ubicación estratégica al límite con San Borja. Este acogedor departamento flat de ...",3.0,3.0,2.0,65.0,La Calera De La Merced,"Surquillo, Lima, Lima, Peru urbania"
145506420,https://urbania.pe/inmueble/clasificado/veclcpin-venta-de-casa-de-playa-en-asia-canete-5-a-mas-dormitorios-ascensor-145506420,ASIA CANETE 5 A MAS DORMITORIOS ASCENSOR,"Venta Casa de playa en Asia S/ 1,084,600",PEN,1084600.0,,,,,,,,,,
150950764,https://urbania.pe/inmueble/clasificado/veclapin-venta-de-departamento-en-san-miguel-lima-1-dormitorio-ascensor-150950764,SAN MIGUEL,"Venta Departamento en San Miguel S/ 225,348",PEN,225348.0,,Apartment,Venta de Departamento en San Miguel - Lima 1 Dormitorio y - 150950764 | Urbania Peru,"Precio de Venta en soles - ¡No pierdas la oportunidad de ser parte de Carolina del Mar, ofrecemos un departamento en Pre-Venta de 1 dormitorio, en 7mo. pi...",1.0,1.0,1.0,42.0,San Miguel,"Lima, Lima, Peru urbania, "
150564577,https://urbania.pe/inmueble/clasificado/vecltein-venta-de-terreno-en-wakama-san-vicente-de-canete-150564577,WAKAMA SAN VICENTE DE CANETE,"Venta Terreno / Lote en Wakama S/ 68,000",PEN,68000.0,,,,,,,,,,
150962882,https://urbania.pe/inmueble/clasificado/vecllcin-venta-de-local-comercial-en-independencia-lima-150962882,INDEPENDENCIA,"Venta Local comercial en Independencia S/ 72,156,051",PEN,72156051.0,,,,,,,,,,
150910147,https://urbania.pe/inmueble/clasificado/veclapin-venta-de-departamento-en-pueblo-libre-lima-3-dormitorios-150910147,PUEBLO LIBRE,"Venta Departamento en Pueblo Libre S/ 608,600",PEN,608600.0,,Apartment,Venta de Departamento en Pueblo Libre - Lima 3 Dormitorios y - 150910147 | Urbania Peru,"DÚPLEX TIPO CASA EN VENTA EN PUEBLO LIBRE Excelente ubicación, a la altura de la Av. Brasil y Av. La Marina. Hermoso departamento dúplex de 91 m², distri...",3.0,3.0,2.0,91.0,Pueblo Libre,"Lima, Lima, Peru urbania, "
149255373,https://urbania.pe/inmueble/clasificado/veclapin-venta-de-departamento-en-la-victoria-lima-2-dormitorios-149255373,LA VICTORIA,"Venta Departamento en La Victoria S/ 390,000",PEN,390000.0,200.0,Apartment,Venta de Departamento en La Victoria - Lima 2 Dormitorios y - 149255373 | Urbania Peru,Se vende moderno departamento ubicado en una zona residencial con excelente conectividad dentro del distrito de La Victoria. Su ubicación estratégica perm...,2.0,2.0,2.0,59.0,La Victoria,"Lima, Lima, Peru urbania, "
150932065,https://urbania.pe/inmueble/clasificado/veclapin-venta-de-departamento-en-rinconada-del-lago-la-molina-4-dormitorios-150932065,RINCONADA DEL LAGO,"Venta Departamento en Rinconada Del Lago S/ 756,000",PEN,756000.0,,Apartment,Venta de Departamento en La Molina - Lima 4 Dormitorios y - 150932065 | Urbania Peru,VENDO BELLO Y AMPLIO DEPARTAMENTO DE 162 M2 CON LINDA VISTA EN LA URB. RINCONADA DEL LAGO Departamento remodelado!! Se vende bello departament...,4.0,4.0,2.0,162.0,Rinconada Del Lago,"La Molina, Lima, Lima, Peru urbania"
150499648,https://urbania.pe/inmueble/clasificado/veclapin-venta-de-departamento-en-lince-lima-1-dormitorio-ascensor-150499648,LINCE,"Venta Departamento en Lince S/ 360,000",PEN,360000.0,,Apartment,Venta de Departamento en Lince - Lima 1 Dormitorio y - 150499648 | Urbania Peru,"Descubre estos modernos departamentos en construcción, ubicado en la céntrica y vibrante zona de Lince, Lima. Situado en la tranquila Calle Tulipanes, est...",1.0,1.0,1.0,40.0,Lince,"Lima, Lima, Peru urbania, "
150071804,https://urbania.pe/inmueble/clasificado/veclcain-venta-de-casa-en-villa-maria-del-triunfo-lima-5-a-mas-dormitorios-150071804,VILLA MARÍA DEL TRIUNFO,"Venta Casa en Villa María del Triunfo S/ 935,000",PEN,935000.0,,House,Venta de Casa en Villa María del Triunfo - Lima 8 Dormitorios y - 150071804 | Urbania Peru,"* VENTA CASA REMODELADA * -- ÁREA 440 m2 -- -- PRECIO US$ 275,000 NEGOCIABLE -- ** UBICACIÓN ** - José Galvez - Villa María del Triunfo - Altura del Para...",8.0,8.0,5.0,440.0,Villa María del Triunfo,"Lima, Lima, Peru urbania, "
150929575,https://urbania.pe/inmueble/clasificado/vecltein-venta-de-terreno-en-san-sebastian-cusco-150929575,SAN SEBASTIAN CUSCO,"Venta Terreno / Lote en San Sebastian S/ 1,377,000",PEN,1377000.0,,,,,,,,,,
150965735,https://urbania.pe/inmueble/clasificado/veclapin-venta-de-departamento-en-san-miguel-lima-3-dormitorios-150965735,SAN MIGUEL,"Venta Departamento en San Miguel S/ 387,000",PEN,387000.0,,Apartment,Venta de Departamento en San Miguel - Lima 3 Dormitorios y - 150965735 | Urbania Peru,"Departamento de 66.5 m², con 3 dormitorios y 2 baños, en el segundo piso, en San Miguel. Los ambientes están organizados para dar un uso claro a cada zona...",3.0,3.0,2.0,67.0,San Miguel,"Lima, Lima, Peru urbania, "
150265899,https://urbania.pe/inmueble/clasificado/veclcdin-venta-de-casa-de-campo-en-cieneguilla-lima-4-dormitorios-150265899,CIENEGUILLA,"Venta Casa de campo en Cieneguilla S/ 3,560,000",PEN,3560000.0,,,,,,,,,,
148529245,https://urbania.pe/inmueble/clasificado/veclcain-venta-de-casa-en-las-lagunas-de-la-molina-la-molina-3-dormitorios-148529245,LAS LAGUNAS DE LA MOLINA,"Venta Casa en Las Lagunas De La Molina S/ 2,033,200",PEN,2033200.0,,House,Venta de Casa en La Molina - Lima 3 Dormitorios y - 148529245 | Urbania Peru,"Vendo linda casa en Las Lagunas de La Molina en una zona muy residencial, cerca al CC de La Planicie donde hay Bancos, supermercados WONG, tiendas ,peluqu...",3.0,3.0,3.0,244.0,Las Lagunas De La Molina,"La Molina, Lima, Lima, Peru urbania"
146075825,https://urbania.pe/inmueble/clasificado/veclapin-venta-de-departamento-en-las-lomas-de-la-molina-vieja-la-molina-4-dormitorios-146075825,LAS LOMAS DE LA MOLINA VIEJA,"Venta Departamento en Las Lomas De La Molina Vieja S/ 804,000",PEN,804000.0,200.0,Apartment,Venta de Departamento en La Molina - Lima 4 Dormitorios y - 146075825 | Urbania Peru,Se vente departamento triplex que en encuentra en el segundo piso de un condominio ubicado en la cuadra 5 de la urbanización Las Lomas de La Molina. PRI...,4.0,4.0,3.0,150.0,Las Lomas De La Molina Vieja,"La Molina, Lima, Lima, Peru urbania"
91197458,https://urbania.pe/inmueble/clasificado/vecltein-venta-de-terreno-en-chilca-canete-91197458,CHILCA CANETE,"Venta Terreno / Lote en Chilca S/ 1,754,006",PEN,1754006.0,,,,,,,,,,
147060379,https://urbania.pe/inmueble/clasificado/veclcain-venta-de-casa-en-la-planicie-la-molina-5-a-mas-dormitorios-147060379,LA PLANICIE,"Venta Casa en La Planicie S/ 998,169",PEN,998169.0,,House,Venta de Casa en La Molina - Lima 5 Dormitorios y - 147060379 | Urbania Peru,"Oportunidad única en Urb. Las Lomas de La Planicie. Se vende Terreno de 500 m² con todos sus servicios y comoda casa prefabricada de 150 m2 en Drywal, ide...",5.0,5.0,,500.0,La Planicie,"La Molina, Lima, Lima, Peru urbania"
146075871,https://urbania.pe/inmueble/clasificado/veclcain-venta-de-casa-en-el-remanso-la-molina-5-a-mas-dormitorios-146075871,EL REMANSO,"Venta Casa en El Remanso S/ 2,184,000",PEN,2184000.0,,House,Venta de Casa en La Molina - Lima 6 Dormitorios y - 146075871 | Urbania Peru,"¡OPORTUNIDAD! Venta de amplia casa con piscina en la urbanización El Remanso, La Molina (a una cuadra del C.C. Molina Plaza). AT: 330 m2 AC: 400 m2 Frent...",6.0,6.0,5.0,330.0,El Remanso,"La Molina, Lima, Lima, Peru urbania"
148545155,https://urbania.pe/inmueble/clasificado/veclapin-venta-de-departamento-en-santiago-de-surco-lima-4-dormitorios-148545155,SANTIAGO DE SURCO,"Venta Departamento en Santiago de Surco S/ 1,747,200",PEN,1747200.0,600.0,Apartment,Venta de Departamento en Santiago de Surco - Lima 4 Dormitorios y - 148545155 | Urbania Peru,VENTA DE DEPARTAMENTO DÚPLEX EN SURCO 400 m² 4 Dormitorios 1 Dormitorio de servicio 1 Baño de servicio 3 Baños completos (1 en dormito...,4.0,4.0,4.0,400.0,Santiago de Surco,"Lima, Lima, Peru urbania, "
150926083,https://urbania.pe/inmueble/clasificado/veclapin-venta-de-departamento-en-san-bartolo-lima-2-dormitorios-150926083,SAN BARTOLO,"Venta Departamento en San Bartolo S/ 436,800",PEN,436800.0,,Apartment,Venta de Departamento en San Bartolo - Lima 2 Dormitorios y - 150926083 | Urbania Peru,"Edificio de 6 pisos con vista al mar en el malecón de San Bartolo. DPTO 101Sala-comedor, kitchenette, 2 dormitorios, 2 baños completos, lavande...",2.0,2.0,2.0,72.0,San Bartolo,"Lima, Lima, Peru urbania, "
148558863,https://urbania.pe/inmueble/clasificado/veclapin-venta-de-departamento-en-miraflores-lima-4-dormitorios-148558863,MIRAFLORES,"Venta Departamento en Miraflores S/ 1,751,000",PEN,1751000.0,,Apartment,Venta de Departamento en Miraflores - Lima 4 Dormitorios y - 148558863 | Urbania Peru,"Vive la comodidad y amplitud que tu familia merece en este exclusivo tríplex ubicado en una de las zonas más buscadas, a pocos pasos del Parque Blume y mu...",4.0,4.0,3.0,359.0,Miraflores,"Lima, Lima, Peru urbania, "
3779459,https://urbania.pe/inmueble/clasificado/veclapin-venta-de-departamento-en-san-isidro-lima-3-dormitorios-ascensor-3779459,SAN ISIDRO,"Venta Departamento en San Isidro S/ 2,761,650",PEN,2761650.0,1100.0,Apartment,Venta de Departamento en San Isidro - Lima 3 Dormitorios y - 3779459 | Urbania Peru,"ÉSTA PROPIEDAD NO SE COMPARTE CON AGENTES INMOBILIARIOS. (Cod.DS-SIVS104)Edificio ubicado en la cuadra 9 de la Av. Juan Antonio Pezet, frente al Golf y ce...",3.0,3.0,3.0,284.0,San Isidro,"Lima, Lima, Peru urbania, "
150822366,https://urbania.pe/inmueble/clasificado/veclapin-venta-de-departamento-en-santiago-de-surco-lima-2-dormitorios-150822366,SANTIAGO DE SURCO,"Venta Departamento en Santiago de Surco S/ 233,000",PEN,233000.0,150.0,Apartment,Venta de Departamento en Santiago de Surco - Lima 2 Dormitorios y - 150822366 | Urbania Peru,"Vendo Departamento Frente a Parque Surco Calle Julio Verne Ocasión dpto de 50m2 con 23 años de antigüedad, primer piso, sala comedor ,cocina, lavandería. ...",2.0,2.0,1.0,50.0,Santiago de Surco,"Lima, Lima, Peru urbania, "
150953260,https://urbania.pe/inmueble/clasificado/veclapin-venta-de-departamento-en-santiago-de-surco-lima-3-dormitorios-150953260,SANTIAGO DE SURCO,"Venta Departamento en Santiago de Surco S/ 849,320",PEN,849320.0,250.0,Apartment,Venta de Departamento en Santiago de Surco - Lima 3 Dormitorios y - 150953260 | Urbania Peru,"DÚPLEX DE 265 M² EN SURCO + TERRAZA + 2 COCHERAS US$ 249,800 – PRECIO NEGOCIABLE ¡Excelente oportunidad en Loma Hermosa, Surco! Amplio dúp...",3.0,3.0,2.0,265.0,Santiago de Surco,"Lima, Lima, Peru urbania, "
150913976,https://urbania.pe/inmueble/clasificado/veclapin-venta-de-departamento-en-san-borja-lima-1-dormitorio-150913976,SAN BORJA,"Venta Departamento en San Borja S/ 309,633",PEN,309633.0,160.0,Apartment,Venta de Departamento en San Borja - Lima 1 Dormitorio y - 150913976 | Urbania Peru,"Venta de Dpto de 53 m² en San Borja ¡Tu próximo departamento en San Borja! Ubicación: Av. Del Parque Sur 788, San Borja. * Ubicado entre las Avenidas Bar...",1.0,1.0,1.0,53.0,San Borja,"Lima, Lima, Peru urbania, "
147278355,https://urbania.pe/inmueble/clasificado/vecltein-venta-de-terreno-en-country-club-san-isidro-147278355,COUNTRY CLUB SAN ISIDRO,"Venta Terreno / Lote en Country Club S/ 16,200,000",PEN,16200000.0,,,,,,,,,,
149039468,https://urbania.pe/inmueble/clasificado/veclapin-venta-de-departamento-en-miraflores-lima-1-dormitorio-ascensor-149039468,MIRAFLORES,"Venta Departamento en Miraflores S/ 501,600",PEN,501600.0,235.0,Apartment,Venta de Departamento en Miraflores - Lima 1 Dormitorio y - 149039468 | Urbania Peru,"Vendo lindo departamento amoblado en el centro de Miraflores - vista externa Ideal para Airbnb A una cuadra de Larco, esquina con Alcanfores. Ubicado en ...",1.0,1.0,1.0,69.0,Miraflores,"Lima, Lima, Peru urbania, "
149294371,https://urbania.pe/inmueble/clasificado/veclapin-venta-de-departamento-en-yanahuara-arequipa-3-dormitorios-ascensor-149294371,YANAHUARA,"Venta Departamento en Yanahuara S/ 699,562",PEN,699562.0,200.0,Apartment,Venta de Departamento en Yanahuara - Arequipa 3 Dormitorios y - 149294371 | Urbania Peru,"Lindo Departamento sin amoblar. Zona muy bien ubicada, 1/2 de Av Emmel. Excelente clima e iluminación. Ascensor 115m2 Techados, a parte 2 cocheras. Sala-c...",3.0,3.0,3.0,140.0,Yanahuara,"Arequipa, Arequipa, Peru urbania, "
3506924,https://urbania.pe/inmueble/clasificado/veclapin-venta-de-departamento-en-san-isidro-lima-3-dormitorios-ascensor-3506924,SAN ISIDRO,"Venta Departamento en San Isidro S/ 1,908,000",PEN,1908000.0,,Apartment,Venta de Departamento en San Isidro - Lima 3 Dormitorios y - 3506924 | Urbania Peru,"(Cod. DS-SIVS148) Ubicado en la Calle Los Ficus, San Isidro, zona segura y tranquila, entre la embajada de México y la embajada de Rumania. Podrás encontr...",3.0,3.0,2.0,220.0,San Isidro,"Lima, Lima, Peru urbania, "
145893624,https://urbania.pe/inmueble/clasificado/veclapin-venta-de-departamento-en-magdalena-lima-3-dormitorios-ascensor-145893624,MAGDALENA,"Venta Departamento en Magdalena S/ 1,110,000",PEN,1110000.0,750.0,Apartment,Venta de Departamento en Magdalena - Lima 3 Dormitorios y - 145893624 | Urbania Peru,"(Cod. DS - LRVT4818) Atractivo departamento en Jirón Faustino Sánchez Carrión, Magdalena de Mar, a espaldas de la Av. Juan de Aliaga, a pasos del cruce de...",3.0,3.0,2.0,145.0,Magdalena,"Lima, Lima, Peru urbania, "
